town,jud,roma,roma_above_median
OGRA,MURES,0.28502024291498,1
SALONTA,BIHOR,0.0228043828911508,1
CAREI,SATU MARE,0.0212688602072351,1
MEDIAS,SIBIU,0.0388928174563087,1
DROBETA-TURNU SEVERIN,MEHEDINTI,0.00573493437814026,0
BUCURESTI,BUCURESTI,0.0127187273323463,1
BARLAD,VASLUI,0.0158615004122012,1
ARAD,ARAD,0.015784484603859,1
CODLEA,BRASOV,0.0490268970041548,1
JOSENI,HARGHITA,0.00865020724454857,1
BACIA,HUNEDOARA,0.00425531914893617,0
GHERLA,CLUJ,0.0328575874794362,1
IASI,IASI,0.00461806716354316,0
BAILE HERCULANE,CARAS-SEVERIN,0.0219280916633742,1
SUCEAVA,SUCEAVA,0.00615512118210669,0
CRAIOVA,DOLJ,0.0200611325030765,1
HOREZU,VALCEA,0.0121107266435986,1
COSTACHE NEGRI,GALATI,0.00037147102526003,0
MOARA,SUCEAVA,0,0
MANGALIA,CONSTANTA,0.00443665152360458,0
SLOBOZIA,IALOMITA,0.0266513356466747,1
MORENI,DAMBOVITA,0.0159736042735938,1
BISTRITA,BISTRITA-NASAUD,0.0208769283176797,1
PITESTI,ARGES,0.00523976060882201,0
CALARASI,CALARASI,0.0313814918346329,1
BACAU,BACAU,0.00804063913393598,1
LUGOJ,TIMIS,0.0227842659597335,1
CONSTANTA,CONSTANTA,0.00791259257216147,1
CUMPANA,CONSTANTA,0.0169451819459628,1
DUMESTI,IASI,0,0
POSTA CALNAU,BUZAU,0.0127367733507511,1
FAGARAS,BRASOV,0.0323064913228848,1
TARGU MURES,MURES,0.0225717899335997,1
TARGU JIU,GORJ,0.0311957209409329,1
PASCANI,IASI,0.0139510397473019,1
BACIU,CLUJ,0.0660626651566629,1
TARGOVISTE,DAMBOVITA,0.033276736029348,1
VULTURENI,BACAU,0.0018984337921215,0
FLORESTI,CLUJ,0.048968740620042,1
ORADEA,BIHOR,0.01063079676737,1
GARDANI,MARAMURES,0,0
RAMNICU VALCEA,VALCEA,0.012389446579841,1
GALDA DE JOS,ALBA,0.00271682340647858,0
FIENI,DAMBOVITA,0.00314795383001049,0
LEHLIU GARA,CALARASI,0.142181540808543,1
MARACINENI,ARGES,0.014404432132964,1
PLOIESTI,PRAHOVA,0.023673371271132,1
GLINA,ILFOV,0.192968206080297,1
CAMPINA,PRAHOVA,0.018405081957915,1
BELTIUG,SATU MARE,0.179876160990712,1
SAVINESTI,NEAMT,0.0263321907136179,1
BUZAU,BUZAU,0.0456143778081657,1
CALAFAT,DOLJ,0.0524164193313547,1
BAIA MARE,MARAMURES,0.0242448176799003,1
GALAUTAS,HARGHITA,0.010916179337232,1
SNAGOV,ILFOV,0.000821580172531836,0
BUCOV,PRAHOVA,0.048404740200547,1
ALEXANDRIA,TELEORMAN,0.0198271479410269,1
TICHILESTI,BRAILA,0.0286425902864259,1
BOTOSANI,BOTOSANI,0.0113163348049374,1
SAULESTI,GORJ,0,0
VANJU MARE,MEHEDINTI,0.0243607463718037,1
ZALAU,SALAJ,0.0130313930673643,1
CRANGURILE,DAMBOVITA,0.219960970170059,1
BALTENI,GORJ,0.026343381389253,1
ROMAN,NEAMT,0.0251855147537858,1
CIOCHINA,IALOMITA,0.00587871287128713,0
SANANDREI,TIMIS,0.00448507848887356,0
VIDRA,ILFOV,0.123373898447335,1
1 DECEMBRIE,ILFOV,0.0613868889730959,1
VALCELE,OLT,0,0
STEFANESTII DE JOS,ILFOV,0.155270901852172,1
CLUJ-NAPOCA,CLUJ,0.00995949288436951,1
BERESTI,GALATI,0.00369458128078818,0
PIATRA NEAMT,NEAMT,0.00907256988547215,1
SIRNA,PRAHOVA,0.012467840886602,1
TINCA,BIHOR,0.146613246525604,1
SACELE,BRASOV,0.0102453325104151,1
BUDESTI,VALCEA,0.0105478053759782,1
DEVA,HUNEDOARA,0.0119294524927098,1
CHIAJNA,ILFOV,0.00383035030294589,0
CHITILA,ILFOV,0.0379465834200486,1
DOROLT,SATU MARE,0.0661417322834646,1
GURA VADULUI,PRAHOVA,0.00042247570764681,0
BRADUT,COVASNA,0.132986472424558,1
COMANA,CONSTANTA,0,0
VISTEA,BRASOV,0.108563406644829,1
CAIANU,CLUJ,0.0250104210087537,1
DABULENI,DOLJ,0.0126612709351711,1
VALEA LUPULUI,IASI,0,0
BRAILA,BRAILA,0.0108123604939283,1
ALBESTI,BOTOSANI,0.0351727372205722,1
TIMISOARA,TIMIS,0.00720063761371236,0
MODELU,CALARASI,0.0189898588188507,1
JEGALIA,CALARASI,0.000232126276694522,0
STEFESTI,PRAHOVA,0.0016750418760469,0
HOLBOCA,IASI,0.0195297541548595,1
STANCENI,MURES,0,0
SANTANA DE MURES,MURES,0.0669550173010381,1
CIOROGARLA,ILFOV,0.0547703180212014,1
TUZLA,CONSTANTA,0,0
SAG,TIMIS,0.00856055802155992,1
CURTEA DE ARGES,ARGES,0.00281498738109105,0
MANECIU,PRAHOVA,0.00230861575399391,0
MIHAIL KOGALNICEANU,CONSTANTA,0.0265880305520642,1
PODENII NOI,PRAHOVA,0.0659785468528638,1
VLADESTI,ARGES,0.0942928039702233,1
STEFAN CEL MARE,CALARASI,0,0
LAZURI,SATU MARE,0.0321052631578947,1
DUMBRAVA,PRAHOVA,0.1651904340124,1
HINOVA,MEHEDINTI,0.000343997248022016,0
REMETEA,BIHOR,0.0550033134526176,1
POIANA LACULUI,ARGES,0.000887180245453201,0
MOIECIU,BRASOV,0,0
MAGURA,BACAU,0.000645577792123951,0
PRUNDU BARGAULUI,BISTRITA-NASAUD,0.00187911055433761,0
GENERAL BERTHELOT,HUNEDOARA,0.0107874865156419,1
SCHEIA,SUCEAVA,0.0358666937614306,1
TURIA,COVASNA,0.000248323814253787,0
PREDEAL,BRASOV,0.00423301753678694,0
BALTATI,IASI,0.000766871165644172,0
ARONEANU,IASI,0,0
DRAGANESTI,PRAHOVA,0.0382040173296573,1
COCORASTII MISLII,PRAHOVA,0.00120156203063983,0
PARSCOV,BUZAU,0.0112847222222222,1
GROSI,MARAMURES,0.00067842605156038,0
ALESD,BIHOR,0.115011764705882,1
SCHELA,GALATI,0,0
LOVRIN,TIMIS,0.0327673518022044,1
ZEMES,BACAU,0.000211954217888936,0
FOCSANI,VRANCEA,0.0118903472659466,1
MALDAENI,TELEORMAN,0,0
VALEA CHIOARULUI,MARAMURES,0.0825426944971537,1
CRISTIAN,BRASOV,0.000643224699828474,0
VASLUI,VASLUI,0.0130322995339868,1
IANCA,OLT,0.018308406395049,1
SLATINA,OLT,0.0243140120149375,1
TULNICI,VRANCEA,0.0203814998693494,1
LUNCA CORBULUI,ARGES,0,0
CRISTESTI,MURES,0.101979201610198,1
RUGINESTI,VRANCEA,0.00719246031746032,0
SATU MARE,SATU MARE,0.0118774264346511,1
TINTESTI,BUZAU,0.0468611847922193,1
BALOTESTI,ILFOV,0.0327672805548912,1
STEFAN VODA,CALARASI,0.0246075519728468,1
MAGESTI,BIHOR,0.0559593023255814,1
FUNDENI,CALARASI,0.0895627644569817,1
DARMANESTI,DAMBOVITA,0.0143695608176483,1
GIARMATA,TIMIS,0.0163984674329502,1
BRADU,ARGES,0.012069674941709,1
BRAZI,PRAHOVA,0.00108407612623464,0
MURFATLAR,CONSTANTA,0.0262261893806938,1
JOITA,GIURGIU,0.0140772971589455,1
STOENESTI,ARGES,0.119016249451032,1
BELINT,TIMIS,0.00242886884108258,0
GOLAIESTI,IASI,0.000263643553915107,0
HALMAGIU,ARAD,0.00101626016260163,0
BERTEA,PRAHOVA,0,0
MOSNITA NOUA,TIMIS,0.00923751369970252,1
APAHIDA,CLUJ,0.0390221819827976,1
BIHARIA,BIHOR,0.0152797367183827,1
VULTURU,VRANCEA,0.0306146854819421,1
CARACAL,OLT,0.039283705231577,1
SABARENI,GIURGIU,0.0180117769310703,1
BUHUSI,BACAU,0.0729450499545867,1
GHILAD,TIMIS,0.0865116279069767,1
DORNA CANDRENILOR,SUCEAVA,0.00787143325680551,1
PISCU,GALATI,0.0109867751780265,1
DUMBRAVITA,TIMIS,0,0
SANPAUL,MURES,0.308563340410474,1
TAGA,CLUJ,0.0316106372303061,1
GURA FOII,DAMBOVITA,0.00638103919781222,0
CORNETU,ILFOV,0.0560703628082299,1
MIHALASENI,BOTOSANI,0,0
COLTAU,MARAMURES,0.362756484707704,1
RECEA,MARAMURES,0.0106365298321423,1
UNGHENI,IASI,0,0
CRISENI,SALAJ,0.0400858983536149,1
MICULA,SATU MARE,0.0837959291567539,1
MIROSLAVA,IASI,0.0011917057281322,0
UNGURENI,BOTOSANI,0,0
SCORTARU NOU,BRAILA,0,0
BRASOV,BRASOV,0.00321409129212436,0
HERECLEAN,SALAJ,0.0222878625134264,1
MOVILENI,GALATI,0.165465465465465,1
BASCOV,ARGES,0.00744720965309201,0
BALESTI,GORJ,0.0317248733671021,1
ALBESTI-PALEOLOGU,PRAHOVA,0.00173040318394186,0
BALCESTI,VALCEA,0.019699629412912,1
OTOPENI,ILFOV,0.000572041473006793,0
CORUND,HARGHITA,0.026079869600652,1
TOPLET,CARAS-SEVERIN,0.0343241330502477,1
RAZVAD,DAMBOVITA,0.00150550086855819,0
SAGNA,NEAMT,0.000580945003872967,0
GANEASA,ILFOV,0.229681274900398,1
OLTENITA,CALARASI,0.0578566987876904,1
PANTELIMON,ILFOV,0.0501434887148065,1
ADANCATA,IALOMITA,0.000718390804597701,0
SIBIU,SIBIU,0.00387084962533837,0
LICURICI,GORJ,0,0
SELIMBAR,SIBIU,0.0133843212237094,1
LENAUHEIM,TIMIS,0.105978260869565,1
SARASAU,MARAMURES,0.0197628458498024,1
CRICAU,ALBA,0.0133651551312649,1
FIBIS,TIMIS,0.00235571260306243,0
PODURI,BACAU,0.0292211917164274,1
SOFRONEA,ARAD,0,0
FLORESTI,PRAHOVA,0.0251057082452431,1
GHIMES-FAGET,BACAU,0.0196345256609642,1
LESPEZI,IASI,0,0
CARLOGANI,OLT,0,0
NAVODARI,CONSTANTA,0.00841174408886253,1
LUNCA DE SUS,HARGHITA,0,0
ILIENI,COVASNA,0,0
BANEASA,GIURGIU,0.0621351911127848,1
CHISCANI,BRAILA,0.0327209098862642,1
BLEJOI,PRAHOVA,0.0166139240506329,1
DRAGOMIRESTI,DAMBOVITA,0.0619020821609454,1
TOMESTI,IASI,0.000318344608038201,0
SANMARTIN,HARGHITA,0.000426985482493595,0
SAVADISLA,CLUJ,0.0175359712230216,1
ORASTIOARA DE SUS,HUNEDOARA,0.000458715596330275,0
SURA MARE,SIBIU,0.0458227848101266,1
LEMNIA,COVASNA,0.00412158681092221,0
FRUMUSANI,CALARASI,0.191268897570919,1
NADRAG,TIMIS,0.000697836706210747,0
CRIVAT,CALARASI,0.0425343376163048,1
COSTULENI,IASI,0.00112283853581855,0
LUMINA,CONSTANTA,0.0136403317328677,1
GHEORGHE DOJA,IALOMITA,0.000361925443358668,0
BABANA,ARGES,0,0
ION ROATA,IALOMITA,0.119134515119917,1
SIRET,SUCEAVA,0,0
BALESTI,VRANCEA,0.00937808489634748,1
MILOSESTI,IALOMITA,0.00140203294777427,0
PRIBOIENI,ARGES,0.0205612670186163,1
DASCALU,ILFOV,0.0101073910296905,1
SCRIOASTEA,TELEORMAN,0.0316265060240964,1
MADARAS,HARGHITA,0.00136239782016349,0
TARGSORU VECHI,PRAHOVA,0.00115801663332982,0
SINESTI,IALOMITA,0.121558092679651,1
SARMAS,HARGHITA,0.00309278350515464,0
VINTU DE JOS,ALBA,0.0158162304650725,1
GALATI,GALATI,0.00635418635418635,0
POPRICANI,IASI,0,0
MIHAI EMINESCU,BOTOSANI,0.000689084895259096,0
SACALAZ,TIMIS,0.00611899492253613,0
COVASNA,COVASNA,0.0317742993720124,1
SALATRUCEL,VALCEA,0.00602968460111317,0
PETRU RARES,BISTRITA-NASAUD,0.260047910566942,1
VALU LUI TRAIAN,CONSTANTA,0.0180556650634708,1
SAMSUD,SALAJ,0.0494318181818182,1
PUNGESTI,VASLUI,0.0794135613927917,1
RUSII-MUNTI,MURES,0.072744014732965,1
GOLESTI,VRANCEA,0,0
GIROC,TIMIS,0.00690704752985249,0
BARCANESTI,PRAHOVA,0.0315141396222477,1
RIENI,BIHOR,0.129576567971983,1
JILAVA,ILFOV,0.123926777903775,1
TIHA BARGAULUI,BISTRITA-NASAUD,0.0378006872852234,1
BECENI,BUZAU,0.000669344042838019,0
BANESTI,PRAHOVA,0.00438750438750439,0
VOINESTI,IASI,0.0574506283662478,1
NICOLAE BALCESCU,CONSTANTA,0.0135559921414538,1
ANINOASA,DAMBOVITA,0.000628338045868677,0
RUNCU,DAMBOVITA,0.000446428571428571,0
SANTANDREI,BIHOR,0.0303272146847566,1
CORNU,PRAHOVA,0,0
PREJMER,BRASOV,0.0568245125348189,1
BORCEA,CALARASI,0.00184842883548983,0
GOIESTI,DOLJ,0.00620732464307883,0
UMBRARESTI,GALATI,0.0552874067573497,1
TULCEA,TULCEA,0.0123796423658872,1
TEREMIA MARE,TIMIS,0.0178184444979533,1
HEMEIUS,BACAU,0.00117716303708064,0
SMARDAN,GALATI,0,0
HARLAU,IASI,0.055094009619589,1
TOPOLOG,TULCEA,0.00573979591836735,0
VEDEA,ARGES,0,0
TARNA MARE,SATU MARE,0.0209410548086867,1
RADAUTI,SUCEAVA,0.00828349615541771,1
CUZA VODA,CALARASI,0,0
ROATA DE JOS,GIURGIU,0.0503478363400542,1
GRADISTEA,ILFOV,0.0100273473108478,1
BOLINTIN-VALE,GIURGIU,0.173886700999697,1
ONICENI,NEAMT,0,0
FILIPESTII DE TARG,PRAHOVA,0.156215350498953,1
SEITIN,ARAD,0.088615997344839,1
GREACA,GIURGIU,0.00389105058365759,0
SANGEORGIU DE MURES,MURES,0.0785312533163536,1
ZLATNA,ALBA,0.0447304702434051,1
LOAMNES,SIBIU,0.00295663600525624,0
ALBESTII DE ARGES,ARGES,0.00395392814165377,0
VALEA MARE PRAVAT,ARGES,0.21803626089004,1
RAMNICU SARAT,BUZAU,0.0782041214221885,1
CISNADIE,SIBIU,0.00275608635737253,0
MIERCUREA CIUC,HARGHITA,0.00847862731778499,1
PETRILA,HUNEDOARA,0.00730526497795453,0
POPESTI LEORDENI,ILFOV,0.00708771613019728,0
MIZIL,PRAHOVA,0.146768820786143,1
BAIA SPRIE,MARAMURES,0.0380213870302045,1
NEGRESTI,VASLUI,0.0341815829199914,1
AMARA,IALOMITA,0.00389559797428905,0
FUNDULEA,CALARASI,0.0603022377215926,1
URZICENI,IALOMITA,0.0283754876053857,1
FALTICENI,SUCEAVA,0.00753991720875222,0
SIGHETU MARMATIEI,MARAMURES,0.0125493371116284,1
GAESTI,DAMBOVITA,0.0168543254773061,1
BUTURUGENI,GIURGIU,0.0609198169997592,1
ODORHEIU SECUIESC,HARGHITA,0.014640120766755,1
GIURGIU,GIURGIU,0.0456301951073327,1
SAVENI,BOTOSANI,0.0249318801089918,1
SARMASAG,SALAJ,0.0772539025167251,1
PETROSANI,HUNEDOARA,0.015650283171521,1
MAGURELE,ILFOV,0.0224769409868362,1
RECEA,BRASOV,0.0456456456456457,1
ADJUD,VRANCEA,0.0540689655172414,1
CERNAVODA,CONSTANTA,0.0216549789621318,1
VIDELE,TELEORMAN,0.0334362139917696,1
STEFANESTI,VALCEA,0,0
BUCIUMENI,DAMBOVITA,0,0
SIGHISOARA,MURES,0.0501214247166757,1
MEDGIDIA,CONSTANTA,0.0149724770642202,1
REGHIN,MURES,0.0605306559416684,1
LUDUS,MURES,0.0602914389799636,1
CARANSEBES,CARAS-SEVERIN,0.0212871287128713,1
TARGU NEAMT,NEAMT,0.0165117658690923,1
DEJ,CLUJ,0.00975910709778737,1
VATRA DORNEI,SUCEAVA,0.00655174607213282,0
TECUCI,GALATI,0.0395961714960011,1
BRAGADIRU,ILFOV,0.017516543402102,1
VALENII DE MUNTE,PRAHOVA,0.00901390939466936,1
EFORIE,CONSTANTA,0.0320240439423774,1
TEISANI,PRAHOVA,0,0
MIOVENI,ARGES,0.00597068394184554,0
FETESTI,IALOMITA,0.0542822300741065,1
SANTANA,ARAD,0.121605188488042,1
BUSTENI,PRAHOVA,0.00760054892853373,1
SLANIC,PRAHOVA,0.00258774057900695,0
DRAGASANI,VALCEA,0.0546687532603026,1
TARGU OCNA,BACAU,0.0135384122406473,1
SINAIA,PRAHOVA,0.0123746725679704,1
GURA HUMORULUI,SUCEAVA,0.0164506815282347,1
ZERIND,ARAD,0.0179775280898876,1
FAGET,TIMIS,0.00910596026490066,1
PUCIOASA,DAMBOVITA,0.00902053180747223,1
ZARNESTI,BRASOV,0.0247315327041979,1
BUDESTI,CALARASI,0.340622588114227,1
TAUTII-MAGHERAUS,MARAMURES,0.00910891089108911,1
GARCENI,VASLUI,0.0376685170499604,1
SEBES,ALBA,0.0395480225988701,1
MARGHITA,BIHOR,0.0534723896792862,1
CAMPIA TURZII,CLUJ,0.0490183973330041,1
BABENI,VALCEA,0.0397889646076061,1
BLAJ,ALBA,0.0816902756508423,1
DOROHOI,BOTOSANI,0.0141886119674628,1
PARTESTII DE JOS,SUCEAVA,0.040582726326743,1
BREAZA,PRAHOVA,0.00048030739673391,0
TICLENI,GORJ,0.0140579101972304,1
HARMAN,BRASOV,0.0468215994531784,1
BEIUS,BIHOR,0.0239598811292719,1
HUNEDOARA,HUNEDOARA,0.0160927793213249,1
BOLDUR,TIMIS,0,0
BALS,OLT,0.0329888073689284,1
BOLOTESTI,VRANCEA,0.000213356091316407,0
TUNARI,ILFOV,0.0851658591129333,1
JIRLAU,BRAILA,0.0421279212792128,1
LEORDA,BOTOSANI,0,0
COMANESTI,BACAU,0.0307762766201053,1
BAICOI,PRAHOVA,0.00201816347124117,0
BRAD,HUNEDOARA,0.0131024493020806,1
MARZANESTI,TELEORMAN,0.0380684721512519,1
ORASTIE,HUNEDOARA,0.050660901184217,1
TOPLITA,HARGHITA,0.0348306182264331,1
CAMPULUNG MUSCEL,ARGES,0.0171872273599721,1
TARGU FRUMOS,IASI,0.0771257905832748,1
MOINESTI,BACAU,0.0503218786834709,1
SFANTU GHEORGHE,COVASNA,0.00684872723527695,0
TARNAVENI,MURES,0.102132340497546,1
STANESTI,GORJ,0.000829531314807134,0
OITUZ,BACAU,0.000108026358431457,0
BUMBESTI-JIU,GORJ,0.0341109383100052,1
RESITA,CARAS-SEVERIN,0.0149858188773828,1
IANCA,BRAILA,0.0294835680751174,1
MOTRU,GORJ,0.00366282941680145,0
CHISINEU-CRIS,ARAD,0.0577706455993087,1
DUDESTII VECHI,TIMIS,0.0522721921356251,1
CAMPULUNG MOLDOVENESC,SUCEAVA,0.00204026845637584,0
TARGU SECUIESC,COVASNA,0.0147058823529412,1
VOLUNTARI,ILFOV,0.0115735382621175,1
CRUCEA,CONSTANTA,0.00126103404791929,0
MIHAI VITEAZU,CLUJ,0.0147007955724663,1
BIVOLARI,IASI,0,0
URICANI,HUNEDOARA,0.0188988420362683,1
STREHAIA,MEHEDINTI,0.107986398308979,1
LUPENI,HUNEDOARA,0.031802686986164,1
SACUENI,BIHOR,0.150755494505495,1
PETRESTII DE JOS,CLUJ,0.0258064516129032,1
SENDRENI,GALATI,0.000257003341043434,0
DEVESEL,MEHEDINTI,0.101785714285714,1
ALBA IULIA,ALBA,0.0168477056085125,1
ZORLENI,VASLUI,0.00452001721911322,0
OZUN,COVASNA,0.0291676015256899,1
IPOTESTI,SUCEAVA,0,0
BERCENI,ILFOV,0.0080013335555926,1
ONESTI,BACAU,0.00628944894578987,0
CAVNIC,MARAMURES,0.00513935560387428,0
BUFTEA,ILFOV,0.0680621201890615,1
TURDA,CLUJ,0.0523026895727634,1
SIMLEU SILVANIEI,SALAJ,0.0836337883080093,1
JIBOU,SALAJ,0.0541450541450542,1
SEINI,MARAMURES,0.0211663543159519,1
AVRIG,SIBIU,0.0132017989264471,1
SIMNICU DE SUS,DOLJ,0.00257400257400257,0
RAFOV,PRAHOVA,0.0120616069771757,1
ORTISOARA,TIMIS,0.00844079718640094,1
CATEASCA,ARGES,0.00767326732673267,1
VICTORIA,BRAILA,0.0166446499339498,1
APOLDU DE JOS,SIBIU,0.014695077149155,1
MARACINENI,BUZAU,0.00316529894490035,0
CALAN,HUNEDOARA,0.0136020151133501,1
ROSIORI DE VEDE,TELEORMAN,0.0167676628563559,1
CEFA,BIHOR,0.113362068965517,1
CAMPINEANCA,VRANCEA,0.00410060142154183,0
GHIMBAV,BRASOV,0.00187336080929187,0
BAZNA,SIBIU,0.28062935259221,1
SCARISOARA,ALBA,0.148538011695906,1
STEFANESTI,ARGES,0.0562980963953017,1
VADU CRISULUI,BIHOR,0.0901098901098901,1
TURNU ROSU,SIBIU,0.00839664134346262,1
PERIS,ILFOV,0.00145252872045425,0
RASCA,SUCEAVA,0.00134796841902561,0
HARSOVA,CONSTANTA,0.0510133465150766,1
HOGHIZ,BRASOV,0.0365637900530765,1
CORABIA,OLT,0.063013698630137,1
DOMNESTI,ILFOV,0.0199771689497717,1
DOBROESTI,ILFOV,0.00467836257309942,0
HIDISELU DE SUS,BIHOR,0.0452127659574468,1
JURILOVCA,TULCEA,0.00126395618285233,0
DOICESTI,DAMBOVITA,0.00125052105043768,0
CRUSET,GORJ,0.00283768444948922,0
SABAOANI,NEAMT,9.3764650726676e-05,0
STOENESTI,VALCEA,0,0
MONOR,BISTRITA-NASAUD,0.0558620689655172,1
REMETEA,HARGHITA,0,0
MOARA VLASIEI,ILFOV,0.00441222817522849,0
PIETROSANI,TELEORMAN,0.0912738214643932,1
CIOFRANGENI,ARGES,0,0
DOFTEANA,BACAU,0.0110037317003158,1
CIUREA,IASI,0.0582619339045288,1
TISAU,BUZAU,0,0
VORONA,BOTOSANI,0,0
HUDESTI,BOTOSANI,0,0
FINTA,DAMBOVITA,0,0
GILAU,CLUJ,0.0771229479154364,1
CARCEA,DOLJ,0.0191647597254005,1
DRAGALINA,CALARASI,0.110817941952507,1
BUDEASA,ARGES,0.0196031556299307,1
BOZOVICI,CARAS-SEVERIN,0.0393806799057556,1
POIANA TEIULUI,NEAMT,0,0
COPALAU,BOTOSANI,0.0209042294603792,1
AITA MARE,COVASNA,0.000580720092915215,0
ARCANI,GORJ,0.000708215297450425,0
BOCSIG,ARAD,0.0114079855899129,1
CERGAU,ALBA,0.116076970825574,1
MOSOAIA,ARGES,0.00449127655899119,0
CASTRANOVA,DOLJ,0.0140391927464171,1
TURULUNG,SATU MARE,0.0836591086786552,1
SLOBOZIA CONACHI,GALATI,0,0
SAVENI,IALOMITA,0,0
BROSTENI,MEHEDINTI,0.0200068989306657,1
DUMBRAVA ROSIE,NEAMT,0.00124378109452736,0
TEPU,GALATI,0.004526593738212,0
PAULESTI,PRAHOVA,0.00430321085733201,0
MAGURENI,PRAHOVA,0.000151538111835127,0
COJOCNA,CLUJ,0.205014058106842,1
BORDEI VERDE,BRAILA,0.00280800280800281,0
GATAIA,TIMIS,0.00558186738836265,0
SOIMUS,HUNEDOARA,0.00256410256410256,0
COTOFENII DIN DOS,DOLJ,0.00291423813488759,0
BARA,NEAMT,0,0
CANDESTI,NEAMT,0,0
VANATORI,MURES,0.29689883070666,1
AGIGEA,CONSTANTA,0.00224971878515186,0
MAGURELE,PRAHOVA,0.00520616409829238,0
MANESTI,DAMBOVITA,0.125963020030817,1
IGHIU,ALBA,0.0256600415307031,1
JIMBOLIA,TIMIS,0.055378627034678,1
BELIS,CLUJ,0.000810372771474878,0
GRADINARI,OLT,0.237694572991165,1
SAGEATA,BUZAU,0.00120748641577782,0
GHERAESTI,NEAMT,0.000157035175879397,0
SANMIHAIU ROMAN,TIMIS,0.00783248081841432,1
CLINCENI,ILFOV,0.00992555831265509,1
ROZNOV,NEAMT,0.04568697198755,1
GRAJDURI,IASI,0.0851821418789373,1
SARATA,BACAU,0,0
SALARD,BIHOR,0.0270456108182443,1
CORBU,CONSTANTA,0.00835701153267591,1
CALINESTI,ARGES,0.0074261909074443,0
DRAGUTESTI,GORJ,0,0
GHIRODA,TIMIS,0.00264921302789466,0
SANSIMION,HARGHITA,0.0014208581983518,0
FRUMUSITA,GALATI,0.14706456017164,1
VEDEA,GIURGIU,0.123472668810289,1
NICULESTI,DAMBOVITA,0.0317907444668008,1
SAPATA,ARGES,0.00222965440356745,0
BORS,BIHOR,0.00753201104694954,0
ZIMNICEA,TELEORMAN,0.0114605171208945,1
BAIA,TULCEA,0.00351312254598057,0
ILEANDA,SALAJ,0.103207236842105,1
BRETCU,COVASNA,0.0221790962018298,1
BUCECEA,BOTOSANI,0.00162700833841773,0
ESELNITA,MEHEDINTI,0.218641718641719,1
TITU,DAMBOVITA,0.0340554156171285,1
ROBANESTI,DOLJ,0,0
ALBESTI,CONSTANTA,0,0
TIBANESTI,IASI,0,0
PIATRA,TELEORMAN,0.037037037037037,1
CRUCEA,SUCEAVA,0,0
BODESTI,NEAMT,0.0278216258879242,1
BOBOTA,SALAJ,0.154973821989529,1
COSTESTI,BUZAU,0.0701107011070111,1
BOSANCI,SUCEAVA,0.0283151107373143,1
LIESTI,GALATI,0.0650893196503231,1
TIGANASI,IASI,0.000228414801279123,0
CORDUN,NEAMT,0,0
BRANESTI,DAMBOVITA,0.000234576589256392,0
COGEALAC,CONSTANTA,0.000594883997620464,0
RACASDIA,CARAS-SEVERIN,0.22673031026253,1
ULMENI,BUZAU,0.0511976047904192,1
CRASNA,SALAJ,0.0864539990753583,1
TODIRENI,BOTOSANI,0.012987012987013,1
SANPETRU,BRASOV,0.0155757097791798,1
BORCA,NEAMT,0.0330933047341811,1
DIOSTI,DOLJ,0.00862344298946024,1
RASNOV,BRASOV,0.0169738425486098,1
NICULITEL,TULCEA,0.0558745583038869,1
VOSLABENI,HARGHITA,0.0102564102564103,1
FRASIN,SUCEAVA,0.00032478077297824,0
OTELU ROSU,CARAS-SEVERIN,0.0062904891559478,0
MIERCUREA NIRAJULUI,MURES,0.0607585834981125,1
PODU TURCULUI,BACAU,0,0
MARGINENI,NEAMT,0,0
MIRCEA VODA,CONSTANTA,0.00430865648256953,0
POIANA MARULUI,BRASOV,0,0
BLEJESTI,TELEORMAN,0.0105953582240161,1
SUCIU DE SUS,MARAMURES,0.0444952962115434,1
UNIREA,CALARASI,0,0
ALBOTA,ARGES,0.00281401893067281,0
COBADIN,CONSTANTA,0.0375193114102847,1
FORASTI,SUCEAVA,0.0220833333333333,1
GUGESTI,VRANCEA,0.00335365853658537,0
ORLEA,OLT,0.00383141762452107,0
GHIDIGENI,GALATI,0.252517180757552,1
BARNOVA,IASI,0.000340078217990138,0
CALARASI,CLUJ,0.003280032800328,0
UIVAR,TIMIS,0.0471869328493648,1
TOPOLOVENI,ARGES,0.00331448625463053,0
CANESTI,BUZAU,0,0
SIBOT,ALBA,0.0290697674418605,1
POBORU,OLT,0,0
DRAGODANA,DAMBOVITA,0.00204379562043796,0
SATULUNG,MARAMURES,0.198153530518037,1
ORLAT,SIBIU,0.0138679529695508,1
GROJDIBODU,OLT,0.00345781466113416,0
VLADIMIRESCU,ARAD,0.00459445131648701,0
GIGHERA,DOLJ,0.0817430025445293,1
CURCANI,CALARASI,0.321416053277252,1
SURAIA,VRANCEA,0.0276755999299352,1
IZVOARELE,PRAHOVA,0.0154593639575972,1
COMANA,GIURGIU,0.0789980732177264,1
MORAVITA,TIMIS,0.0380434782608696,1
STANESTI,GIURGIU,0.00886990801576873,1
POJORATA,SUCEAVA,0.00777453838678328,1
MANASTIREA,CALARASI,0.139921219386881,1
POARTA ALBA,CONSTANTA,0.0061544199925401,0
HANGU,NEAMT,0,0
VAMA BUZAULUI,BRASOV,0.0307206431237439,1
HALCHIU,BRASOV,0.0449640287769784,1
CETATENI,ARGES,0.253433616742969,1
CRIZBAV,BRASOV,0.0108907040062233,1
SPULBER,VRANCEA,0,0
BABA ANA,PRAHOVA,0,0
ODOREU,SATU MARE,0.0643737355159095,1
VIMA MICA,MARAMURES,0,0
SURDUC,SALAJ,0.0581301901955532,1
PANCESTI,NEAMT,0,0
BUDESTI,BISTRITA-NASAUD,0.13768115942029,1
LUCIU,BUZAU,0.0660762942779292,1
BUCU,IALOMITA,0.00125156445556946,0
MELINESTI,DOLJ,0.0161210317460317,1
BLAJEL,SIBIU,0.169276343630978,1
SUCEVITA,SUCEAVA,0.08610830810629,1
BELIU,ARAD,0.0383739837398374,1
BATAR,BIHOR,0.273985412380774,1
STRUNGA,IASI,0,0
SOVATA,MURES,0.018858847301068,1
TIGANESTI,TELEORMAN,0.00936291471605943,1
TURNU MAGURELE,TELEORMAN,0.0315644843848639,1
CORNESTI,DAMBOVITA,0.00111763062307907,0
BABADAG,TULCEA,0.126548307184145,1
MIHAILESTI,GIURGIU,0.0268439538384345,1
RACHITI,BOTOSANI,0,0
PARAVA,BACAU,0.205006337135615,1
TELIUCU INFERIOR,HUNEDOARA,0.00200160128102482,0
GAVANESTI,OLT,0,0
GHIOROC,ARAD,0.00582382916767775,0
CEUASU DE CAMPIE,MURES,0.102769436102769,1
DARASTI-ILFOV,ILFOV,0.00561426684280053,0
TANDAREI,IALOMITA,0.108944281524927,1
MIHAESTI,ARGES,0.195162635529608,1
MOLDOVA NOUA,CARAS-SEVERIN,0.0275258807479336,1
CULCIU,SATU MARE,0.00816629547141797,1
AFUMATI,ILFOV,0.0486425339366516,1
VALEA LUI MIHAI,BIHOR,0.0509200662058222,1
ODOBESTI,VRANCEA,0.0114096822350181,1
OBREJA,CARAS-SEVERIN,0.00769449985750926,1
REDIU,NEAMT,0,0
TATARANI,DAMBOVITA,0.0201831433376939,1
VALEA DANULUI,ARGES,0,0
BUZESCU,TELEORMAN,0.229117508258613,1
BAILE TUSNAD,HARGHITA,0.0170627666057282,1
RUGINOASA,IASI,0.000163800163800164,0
COSESTI,ARGES,0.0919476690620969,1
SACALASENI,MARAMURES,0.0319148936170213,1
BUZOESTI,ARGES,0.000657246138678935,0
FIERBINTI-TARG,IALOMITA,0.00360938439943854,0
GOTTLOB,TIMIS,0.0458545622973599,1
NADLAC,ARAD,0.049087982832618,1
POIANA CAMPINA,PRAHOVA,0.00306044376434583,0
AIUD,ALBA,0.0389097131681877,1
BALTENI,VASLUI,0.0042042042042042,0
TASNAD,SATU MARE,0.105605109569431,1
BUJORENI,VALCEA,0.0327052198397228,1
AGNITA,SIBIU,0.0151530256205762,1
ORSOVA,MEHEDINTI,0.0108803165182987,1
BUNESTI,SUCEAVA,0,0
CORBEANCA,ILFOV,0.0104254719639335,1
CERNAT,COVASNA,0.00175923598894195,0
CIUMEGHIU,BIHOR,0.230538230538231,1
POTCOAVA,OLT,0.0713180958927651,1
SARMASU,MURES,0.0995301153353268,1
NEGRESTI-OAS,SATU MARE,0.0144028362508309,1
HUSI,VASLUI,0.00419080937283627,0
DOLHASCA,SUCEAVA,0.121626651777406,1
DARABANI,BOTOSANI,9.22849760059062e-05,0
DRAGOMIRESTI,MARAMURES,0.003690036900369,0
VULCAN,HUNEDOARA,0.0125210871602624,1
BECLEAN,BISTRITA-NASAUD,0.0362945955492759,1
