jud,rural,roma,II1,II8,II10,II13,II15,V4,V5_1,V5_2,V5_3,V5_4,V5_5,V5_6,VII1_3,VII2_3
CLUJ,0,0.00995949288436951,56,2,3,3,3,3,,,,,,,0,0
ARGES,0,0.00523976060882201,22,2,1,2,2,2,0,0,0,1,0,0,0,0
DOLJ,1,,10,2,1,3,3,2,1,1,0,0,1,0,0,0
PRAHOVA,1,,15,2,2,3,3,2,1,0,0,0,1,0,0,0
SALAJ,0,0.0130313930673643,18,2,2,3,3,3,,,,,,,0,0
IALOMITA,0,0.0266513356466747,46,1,1,3,3,2,1,0,0,1,1,1,0,0
PRAHOVA,0,0.018405081957915,51,4,1,2,3,2,1,0,0,0,0,0,0,0
DAMBOVITA,0,0.033276736029348,62,4,4,3,4,5,,,,,,,0,0
TIMIS,1,,50,3,4,2,1,1,0,1,0,0,0,0,0,0
CLUJ,0,0.00995949288436951,20,3,3,1,1,2,1,0,0,0,0,0,0,0
GALATI,0,0.00635418635418635,27,4,4,1,3,3,,,,,,,0,0
PRAHOVA,0,0.023673371271132,15,2,1,3,3,3,,,,,,,0,0
ARGES,1,,11,1,2,2,1,2,1,1,0,1,0,1,0,0
BUZAU,0,0.0782041214221885,27,1,3,1,1,4,,,,,,,0,0
HUNEDOARA,0,0.015650283171521,39,2,2,2,1,4,,,,,,,0,0
BRAILA,1,,50,4,2,1,3,3,,,,,,,0,0
MEHEDINTI,0,0.00573493437814026,39,1,2,3,1,3,,,,,,,0,0
PRAHOVA,0,0.00901390939466936,40,2,2,1,3,2,0,0,1,1,1,0,0,0
SIBIU,1,,53,1,2,2,1,2,1,0,0,0,0,0,0,0
TIMIS,0,0.00720063761371236,20,3,1,2,1,2,0,1,0,0,1,0,0,0
SIBIU,0,0.00387084962533837,10,1,2,1,1,1,0,1,0,1,1,0,0,0
BUCURESTI,0,0.0127187273323463,21,3,4,1,2,2,1,0,0,0,1,0,0,0
BUZAU,1,,80,3,2,3,3,2,1,0,0,0,0,0,0,0
HUNEDOARA,0,0.0136020151133501,23,4,2,1,1,2,0,0,0,0,1,1,0,0
SIBIU,0,0.00387084962533837,6,3,4,1,3,3,,,,,,,0,0
BRAILA,0,0.0108123604939283,92,1,2,2,3,2,1,0,0,0,1,1,0,0
BUCURESTI,0,0.0127187273323463,40,3,1,3,3,2,1,1,0,0,0,0,0,0
MARAMURES,0,0.0125493371116284,15,1,2,3,1,2,0,0,0,1,1,1,0,0
ARGES,0,0.00523976060882201,89,3,3,1,1,2,1,1,0,0,0,0,0,0
PRAHOVA,0,0.023673371271132,30,3,3,3,1,2,0,0,0,0,1,0,0,0
TELEORMAN,0,0.0167676628563559,0,4,4,2,4,3,,,,,,,0,0
MURES,0,0.0225717899335997,44,3,1,1,1,1,1,1,1,0,0,0,0,0
IASI,0,0.0139510397473019,66,2,2,3,3,2,1,1,1,1,1,1,0,0
SALAJ,0,0.0130313930673643,70,1,2,2,1,2,0,0,0,0,1,0,0,0
BIHOR,1,,50,4,1,1,3,2,1,1,0,1,1,1,0,0
VALCEA,0,0.012389446579841,12,1,2,1,3,2,0,0,1,0,1,0,0,0
VRANCEA,1,,6,1,2,1,1,1,1,0,0,0,0,0,0,0
MURES,0,0.0225717899335997,12,1,3,1,3,1,1,1,0,0,0,0,0,0
ARGES,0,0.00523976060882201,40,1,1,2,3,3,,,,,,,0,0
CLUJ,0,0.00995949288436951,37,2,1,3,3,3,,,,,,,0,1
DAMBOVITA,0,0.033276736029348,27,2,1,2,3,3,,,,,,,0,0
ARAD,0,0.015784484603859,3,1,2,3,1,3,,,,,,,0,0
BRASOV,0,0.00187336080929187,20,2,1,1,3,3,,,,,,,0,0
OLT,0,0.0243140120149375,60,4,2,3,1,5,,,,,,,0,0
IASI,0,0.00461806716354316,11,2,2,3,3,2,1,1,1,0,0,0,0,0
SUCEAVA,0,0.00615512118210669,48,2,2,3,3,2,1,0,1,0,1,0,0,0
SIBIU,1,,71,1,1,1,2,3,,,,,,,0,0
ALBA,1,,32,1,2,3,3,2,0,0,0,0,1,0,0,0
BUZAU,0,0.0782041214221885,17,3,2,1,3,2,1,1,1,0,1,1,0,0
TIMIS,0,0.00720063761371236,74,3,3,1,2,3,,,,,,,0,1
ILFOV,0,0.00708771613019728,20,1,3,1,3,3,,,,,,,0,0
NEAMT,0,0.0165117658690923,3,1,4,1,1,3,,,,,,,0,0
PRAHOVA,0,0.023673371271132,20,2,1,1,3,3,,,,,,,0,0
TIMIS,0,0.00720063761371236,15,3,3,3,3,3,,,,,,,0,0
PRAHOVA,0,0.023673371271132,60,2,1,3,2,3,,,,,,,0,0
IASI,0,0.0139510397473019,15,4,2,3,3,2,1,0,0,0,0,0,0,0
MURES,0,0.0225717899335997,21,1,2,2,1,2,1,1,0,1,1,0,0,0
SUCEAVA,0,0.0164506815282347,14,2,1,3,3,1,0,1,0,1,1,1,0,0
ARGES,0,0.00597068394184554,77,1,2,3,3,2,1,1,0,1,1,0,0,0
MURES,0,0.0225717899335997,22,1,1,1,3,2,1,0,1,1,1,0,0,0
CONSTANTA,0,0.00443665152360458,15,4,1,3,1,3,,,,,,,0,0
VALCEA,0,0.0546687532603026,41,3,2,2,1,2,1,1,1,1,1,1,0,0
BUCURESTI,0,0.0127187273323463,20,4,4,1,4,3,,,,,,,0,0
IALOMITA,0,0.0266513356466747,25,1,2,3,3,3,,,,,,,0,0
SATU MARE,0,0.0212688602072351,30,3,4,2,1,2,0,0,1,0,1,0,0,0
CARAS-SEVERIN,0,0.0149858188773828,45,4,3,1,1,2,0,0,0,1,0,0,0,0
IASI,0,0.00461806716354316,25,1,3,3,3,3,,,,,,,0,0
IASI,0,0.00461806716354316,89,3,3,3,1,3,,,,,,,0,0
PRAHOVA,0,0.023673371271132,89,1,1,2,1,2,1,1,1,1,1,0,0,0
MEHEDINTI,0,0.00573493437814026,56,1,2,1,1,3,,,,,,,0,0
BUCURESTI,0,0.0127187273323463,80,3,1,3,3,3,,,,,,,0,0
BRAILA,0,0.0108123604939283,14,1,2,3,3,3,,,,,,,0,0
ARGES,0,0.0562980963953017,10,3,1,3,3,2,0,1,0,0,0,0,0,0
BIHOR,1,,21,1,4,1,4,2,1,0,0,0,1,0,0,0
VASLUI,0,0.0130322995339868,24,4,2,3,1,2,0,0,1,0,1,0,0,1
SIBIU,1,,25,3,2,3,1,2,1,1,0,0,1,0,0,0
SATU MARE,0,0.0118774264346511,48,1,1,3,3,2,1,0,0,0,1,0,0,0
SIBIU,1,,60,1,2,1,1,2,0,1,0,0,0,0,0,0
ILFOV,1,,69,1,4,1,1,1,1,0,1,1,1,1,1,1
SUCEAVA,1,,1,4,4,1,2,2,0,1,1,0,1,0,0,0
CLUJ,1,,40,1,4,1,1,3,,,,,,,0,0
CLUJ,0,0.00995949288436951,25,4,3,3,3,3,,,,,,,0,0
CONSTANTA,0,0.0510133465150766,51,1,2,2,1,3,,,,,,,0,0
BRASOV,1,,30,3,3,1,1,2,1,1,0,0,0,1,0,0
GALATI,0,0.0395961714960011,19,3,1,2,3,3,,,,,,,1,1
CONSTANTA,1,,47,3,1,3,3,3,,,,,,,0,0
GORJ,0,0.0311957209409329,9,3,2,1,1,1,0,0,0,0,1,0,0,0
OLT,0,0.063013698630137,50,4,4,2,1,5,,,,,,,0,0
SUCEAVA,0,0.00655174607213282,19,1,2,2,1,3,,,,,,,0,0
TIMIS,0,0.00720063761371236,50,1,2,2,1,2,0,0,0,0,0,0,0,0
VASLUI,0,0.0158615004122012,90,2,1,1,1,2,0,0,0,0,1,0,0,0
ILFOV,1,,89,1,2,2,3,3,,,,,,,0,0
VALCEA,0,0.012389446579841,65,1,2,1,1,2,0,0,1,0,0,0,0,0
ILFOV,1,,31,2,1,1,1,3,,,,,,,0,0
GALATI,1,,23,2,3,1,3,1,0,0,0,0,1,0,0,0
BIHOR,1,,16,2,1,3,2,3,,,,,,,0,0
TULCEA,1,,10,2,1,3,3,3,,,,,,,0,0
CLUJ,0,0.0523026895727634,29,3,2,3,1,2,0,0,0,0,1,1,0,0
DAMBOVITA,1,,40,3,3,3,2,1,0,1,0,0,1,0,0,0
ARGES,1,,25,2,1,3,2,3,,,,,,,0,0
TIMIS,1,,34,2,2,2,1,3,,,,,,,0,0
GORJ,1,,89,2,1,2,1,3,,,,,,,0,1
NEAMT,0,0.00907256988547215,7,1,1,1,1,2,1,1,1,0,1,1,0,0
ARAD,0,0.015784484603859,89,4,3,3,3,5,,,,,,,0,0
BRASOV,1,,31,2,2,2,3,1,1,0,0,0,1,1,0,0
SUCEAVA,0,0.00655174607213282,10,1,3,2,3,2,1,0,1,0,1,0,0,0
NEAMT,1,,77,1,3,3,4,2,0,1,0,1,1,0,0,0
VALCEA,1,,15,2,2,1,1,1,0,0,1,0,0,0,1,0
BRASOV,0,0.00321409129212436,35,2,3,2,3,2,1,0,1,1,0,0,1,0
BISTRITA-NASAUD,1,,25,2,1,1,3,3,,,,,,,0,0
HARGHITA,1,,10,2,1,3,3,2,1,1,1,1,1,1,0,0
ARAD,0,0.015784484603859,25,2,1,2,1,3,,,,,,,0,0
CONSTANTA,0,0.00791259257216147,26,1,2,1,3,1,1,0,1,1,1,0,0,0
BRASOV,0,0.00321409129212436,9,1,2,3,3,3,,,,,,,0,0
PRAHOVA,1,,20,1,2,2,1,1,1,1,0,0,0,0,0,0
VASLUI,0,0.0130322995339868,30,2,1,3,3,2,1,1,0,1,1,0,0,0
TIMIS,0,0.00720063761371236,10,2,1,3,3,3,,,,,,,0,0
IASI,0,0.00461806716354316,5,1,3,3,1,1,1,1,1,0,1,0,0,0
ILFOV,1,,71,1,3,2,3,2,0,0,0,0,1,0,0,0
TELEORMAN,1,,91,2,2,1,1,3,,,,,,,0,0
ARGES,1,,11,3,2,2,1,2,1,0,1,0,1,0,0,0
BACAU,1,,50,2,1,3,3,2,1,1,0,0,1,1,0,0
IASI,1,,23,4,4,1,1,3,,,,,,,0,0
ILFOV,1,,26,1,4,3,3,3,,,,,,,0,0
BUZAU,1,,35,2,4,3,3,3,,,,,,,0,0
COVASNA,1,,20,2,1,1,3,2,1,0,0,0,0,0,0,0
BOTOSANI,1,,12,3,1,3,3,5,,,,,,,0,0
BOTOSANI,1,,15,2,2,1,1,3,,,,,,,0,0
ILFOV,0,0.017516543402102,34,3,3,1,3,2,1,0,0,0,1,0,0,0
GALATI,0,0.00635418635418635,10,2,1,3,3,2,1,1,0,0,1,0,0,0
DAMBOVITA,1,,31,2,4,3,3,3,,,,,,,0,0
CLUJ,1,,78,1,2,3,3,2,0,0,1,1,1,0,0,0
GALATI,0,0.00635418635418635,26,2,1,1,1,4,,,,,,,0,0
SUCEAVA,0,0.00204026845637584,7,3,2,1,1,2,1,1,0,0,1,1,0,0
MURES,0,0.0225717899335997,40,2,2,1,1,2,1,0,0,0,0,0,0,0
PRAHOVA,1,,30,1,2,2,2,2,0,0,0,1,1,1,0,0
BUCURESTI,0,0.0127187273323463,50,1,1,2,1,2,0,0,1,0,1,0,0,0
DOLJ,1,,20,2,1,1,1,2,0,0,1,0,1,0,0,0
VALCEA,0,0.012389446579841,10,1,3,3,3,3,,,,,,,0,0
CALARASI,1,,35,2,2,3,3,2,1,1,0,1,1,1,0,0
ARGES,1,,70,2,1,3,3,3,,,,,,,0,0
CARAS-SEVERIN,1,,52,3,2,3,3,1,1,0,0,0,0,0,0,0
NEAMT,1,,4,4,4,3,1,3,,,,,,,0,0
TIMIS,0,0.00720063761371236,7,2,2,2,1,2,0,0,0,0,1,0,0,0
ILFOV,1,,29,4,1,2,1,1,1,1,0,0,0,1,0,0
BOTOSANI,1,,71,2,4,2,2,2,1,0,0,0,0,0,0,0
COVASNA,1,,28,2,1,1,1,3,,,,,,,0,0
IASI,1,,4,1,2,3,3,1,1,1,1,0,1,0,0,0
CLUJ,1,,10,2,1,1,3,2,1,1,1,0,1,0,0,0
IASI,1,,8,2,1,3,3,3,,,,,,,0,0
GORJ,1,,65,4,2,3,2,3,,,,,,,0,0
DOLJ,0,0.0126612709351711,100,2,1,3,1,3,,,,,,,1,0
BUCURESTI,0,0.0127187273323463,51,1,1,1,2,2,0,0,0,1,0,0,0,0
BUCURESTI,0,0.0127187273323463,89,1,3,2,3,2,1,1,0,0,0,0,0,0
CLUJ,1,,20,2,4,1,3,3,,,,,,,0,0
ARAD,1,,5,3,3,1,1,1,1,1,0,0,0,1,0,0
TIMIS,1,,10,2,1,1,3,3,,,,,,,0,0
ALBA,1,,78,1,4,1,1,3,,,,,,,0,0
ARGES,1,,89,2,1,3,3,4,,,,,,,0,0
DOLJ,1,,26,2,1,3,3,3,,,,,,,0,0
SATU MARE,1,,14,3,3,3,3,2,1,1,1,1,1,1,0,0
GALATI,1,,11,2,1,3,3,3,,,,,,,0,0
CLUJ,0,0.00995949288436951,20,2,1,3,3,2,0,0,0,1,1,1,0,0
ILFOV,1,,10,1,2,3,1,2,0,0,0,0,1,0,0,0
BOTOSANI,0,0.0113163348049374,34,2,1,1,3,2,1,1,0,1,1,0,0,1
CALARASI,0,0.0313814918346329,50,1,2,2,1,2,1,1,0,1,1,0,0,0
CALARASI,0,0.0313814918346329,55,1,3,1,1,2,1,0,0,0,1,1,0,0
BRASOV,0,0.00321409129212436,100,1,1,2,3,2,0,0,0,1,0,0,1,0
BUCURESTI,0,0.0127187273323463,5,4,1,1,1,3,,,,,,,0,0
IALOMITA,1,,20,1,4,2,1,2,1,1,1,0,0,1,0,0
MEHEDINTI,1,,15,1,2,1,1,2,0,1,1,0,1,0,0,0
MARAMURES,0,0.0242448176799003,57,1,2,3,1,1,0,1,1,1,1,0,0,0
ARGES,0,0.00281498738109105,24,4,1,3,2,1,0,0,0,0,0,1,0,0
NEAMT,1,,22,1,2,1,3,3,,,,,,,0,0
HUNEDOARA,0,0.0119294524927098,36,2,2,2,3,5,,,,,,,0,0
GALATI,1,,50,1,2,2,1,2,0,0,0,1,1,1,0,0
PRAHOVA,1,,50,2,1,2,3,4,,,,,,,0,0
CLUJ,0,0.00995949288436951,20,4,2,2,1,3,,,,,,,0,0
BRASOV,0,0.00321409129212436,100,1,2,1,1,4,,,,,,,0,0
BOTOSANI,0,0.0249318801089918,52,2,1,3,3,3,,,,,,,0,0
OLT,0,0.0329888073689284,89,2,2,2,1,3,,,,,,,0,0
DOLJ,0,0.0200611325030765,11,2,4,3,1,1,0,0,0,0,1,0,0,0
PRAHOVA,1,,35,2,1,2,3,3,,,,,,,1,1
CONSTANTA,0,0.00791259257216147,89,4,2,2,1,1,1,0,0,0,1,0,0,0
CLUJ,1,,54,4,4,1,4,3,,,,,,,0,1
BRAILA,1,,14,3,2,3,3,2,0,0,0,0,0,1,0,0
TIMIS,0,0.00558186738836265,30,3,2,1,1,2,0,1,1,0,1,0,0,0
ILFOV,0,0.0115735382621175,14,3,3,2,1,3,,,,,,,0,0
HUNEDOARA,1,,9,4,4,1,4,3,,,,,,,0,0
IASI,1,,11,4,4,2,3,2,1,0,0,1,1,1,0,0
ARGES,0,0.00597068394184554,89,3,1,1,3,1,0,1,1,0,1,0,0,0
DOLJ,1,,53,3,2,1,1,1,1,1,0,0,1,0,0,0
NEAMT,0,0.0251855147537858,17,1,2,1,1,2,0,0,0,0,1,0,0,0
NEAMT,1,,40,2,4,1,1,2,0,0,0,0,1,0,0,0
IASI,0,0.00461806716354316,7,2,1,3,3,2,0,0,0,1,1,0,0,0
BUCURESTI,0,0.0127187273323463,24,1,2,2,1,4,,,,,,,0,0
NEAMT,1,,40,3,1,3,3,2,1,0,0,0,0,0,0,0
PRAHOVA,0,0.023673371271132,23,2,1,3,2,2,0,1,0,0,0,0,0,0
MURES,1,,41,1,1,1,3,2,1,1,0,1,1,1,1,1
CONSTANTA,1,,50,1,4,3,1,2,0,0,0,1,0,0,0,0
BISTRITA-NASAUD,1,,62,1,1,1,2,1,0,0,1,0,0,0,0,0
PRAHOVA,1,,10,3,3,1,1,1,0,1,0,0,1,1,0,0
PRAHOVA,0,0.023673371271132,34,1,1,3,3,3,,,,,,,0,0
ARGES,0,0.00523976060882201,6,1,1,3,1,2,1,0,0,0,0,0,0,0
BUCURESTI,0,0.0127187273323463,51,1,1,1,1,3,,,,,,,0,0
BRASOV,0,0.00321409129212436,20,1,2,2,3,2,1,1,1,1,1,0,0,0
VASLUI,0,0.0130322995339868,73,4,2,3,1,2,0,1,0,0,1,0,0,0
BRASOV,0,0.0247315327041979,30,2,1,3,1,2,1,1,0,0,1,0,0,0
PRAHOVA,1,,18,3,4,2,1,2,1,0,1,0,1,0,0,0
TIMIS,0,0.00720063761371236,12,4,4,1,4,2,1,1,1,0,1,1,0,0
DAMBOVITA,1,,49,1,3,2,4,1,0,0,1,0,0,0,0,0
TIMIS,1,,22,2,4,2,1,3,,,,,,,0,0
ALBA,1,,45,2,1,3,3,3,,,,,,,0,0
PRAHOVA,0,0.00258774057900695,53,2,2,3,3,2,0,0,0,0,0,1,0,0
ARGES,0,0.00523976060882201,89,4,3,2,3,3,,,,,,,0,0
PRAHOVA,1,,30,2,1,2,1,3,,,,,,,0,0
CONSTANTA,0,0.00791259257216147,3,2,1,3,3,2,1,1,1,1,1,1,0,0
TIMIS,0,0.055378627034678,74,2,1,2,3,2,0,0,1,0,0,0,0,0
CLUJ,1,,76,1,1,3,1,2,1,0,0,1,0,0,0,0
OLT,1,,12,2,1,2,3,3,,,,,,,0,0
CONSTANTA,1,,89,3,2,1,3,2,0,1,1,0,1,1,0,0
HUNEDOARA,0,0.0119294524927098,89,1,1,3,1,1,0,0,0,0,1,0,0,0
CLUJ,0,0.00995949288436951,28,2,4,3,3,2,1,1,0,0,1,0,0,0
ARAD,0,0.015784484603859,27,4,1,3,3,1,1,1,1,1,1,1,0,0
BRAILA,1,,89,1,2,3,3,4,,,,,,,0,0
BUCURESTI,0,0.0127187273323463,40,3,3,1,1,3,,,,,,,0,0
GORJ,1,,19,3,3,1,3,2,1,1,0,1,1,0,0,0
DOLJ,0,0.0200611325030765,30,1,1,1,3,1,0,1,0,0,1,0,0,0
IASI,1,,62,1,2,1,3,2,1,0,1,0,1,0,0,0
BUZAU,1,,20,3,3,3,1,4,,,,,,,0,1
DAMBOVITA,0,0.033276736029348,53,1,2,2,3,2,0,1,0,0,1,0,0,0
NEAMT,1,,7,4,2,1,3,2,0,0,1,1,1,0,0,0
CONSTANTA,1,,72,1,2,3,3,2,0,0,0,1,0,1,0,0
BUZAU,0,0.0782041214221885,29,2,3,3,3,3,,,,,,,0,0
TIMIS,1,,89,3,3,3,3,3,,,,,,,0,0
VRANCEA,0,0.0118903472659466,5,2,1,1,1,2,0,0,0,0,1,0,0,0
IASI,0,0.0139510397473019,20,1,2,2,3,2,1,1,1,0,1,0,0,0
TIMIS,1,,20,2,1,1,3,3,,,,,,,0,0
ILFOV,1,,7,4,1,2,1,2,1,0,0,0,0,0,0,0
CLUJ,1,,89,1,2,3,3,2,1,1,0,0,1,1,0,0
ARAD,0,0.015784484603859,16,2,1,1,1,4,,,,,,,0,0
NEAMT,0,0.04568697198755,10,1,2,1,1,3,,,,,,,0,0
NEAMT,0,0.0251855147537858,48,2,2,1,3,2,0,0,1,0,0,0,0,0
IASI,1,,75,3,3,3,3,3,,,,,,,0,0
BACAU,1,,30,1,2,1,3,4,,,,,,,0,0
BIHOR,1,,20,1,4,2,3,3,,,,,,,0,0
DAMBOVITA,0,0.033276736029348,10,3,3,3,3,2,0,1,0,0,0,0,0,0
CONSTANTA,1,,46,2,4,3,1,2,0,0,0,0,0,1,0,0
DAMBOVITA,1,,35,3,2,3,3,4,,,,,,,0,0
ARGES,1,,58,1,2,1,4,3,,,,,,,0,0
GORJ,1,,6,4,2,1,1,3,,,,,,,0,0
ALBA,0,0.0168477056085125,15,1,2,3,3,1,0,1,0,0,1,0,0,0
TIMIS,1,,17,1,2,3,1,2,1,1,0,0,0,0,0,0
HARGHITA,1,,100,4,4,2,4,2,0,0,0,0,1,0,0,0
ARAD,0,0.0577706455993087,19,2,2,3,3,2,0,1,0,0,1,0,0,0
DOLJ,0,0.0200611325030765,81,1,3,2,3,2,0,0,0,1,1,0,1,0
IASI,0,0.00461806716354316,64,2,1,2,3,3,,,,,,,0,0
CONSTANTA,1,,43,4,4,1,1,3,,,,,,,0,0
BUCURESTI,0,0.0127187273323463,41,2,1,1,1,2,0,0,0,0,0,0,0,0
IALOMITA,0,0.0542822300741065,25,1,2,3,3,2,1,1,1,0,1,0,0,0
TULCEA,0,0.0123796423658872,35,1,1,1,3,2,1,0,0,1,0,0,1,1
GORJ,0,0.00366282941680145,75,2,1,2,3,2,1,1,0,0,0,0,0,0
GALATI,1,,70,2,4,3,1,3,,,,,,,1,1
MEHEDINTI,0,0.00573493437814026,19,1,2,3,3,4,,,,,,,0,0
BUCURESTI,0,0.0127187273323463,100,1,3,3,1,2,0,0,0,0,1,0,1,0
BIHOR,1,,15,2,3,1,3,1,1,0,0,0,0,0,0,0
GORJ,1,,35,3,2,3,1,1,0,0,0,0,1,0,0,0
BUCURESTI,0,0.0127187273323463,30,2,2,1,3,1,0,1,1,0,1,1,0,0
CLUJ,0,0.00995949288436951,10,3,2,1,1,2,1,1,1,0,0,0,0,0
TIMIS,0,0.00720063761371236,50,4,2,3,1,2,1,1,0,0,0,0,0,0
GIURGIU,1,,89,1,2,3,3,4,,,,,,,0,0
PRAHOVA,1,,10,3,3,2,1,3,,,,,,,0,0
CONSTANTA,1,,15,3,1,3,3,2,1,0,0,0,1,0,0,0
GIURGIU,0,0.0456301951073327,100,4,4,2,1,3,,,,,,,0,0
DAMBOVITA,1,,20,2,1,3,3,2,1,0,0,0,1,0,0,0
BRAILA,0,0.0108123604939283,37,4,4,1,3,2,1,1,0,1,1,0,0,0
CALARASI,1,,15,1,4,3,1,3,,,,,,,0,0
ARGES,1,,38,1,2,2,3,2,1,1,0,1,1,1,0,0
CONSTANTA,0,0.0320240439423774,20,1,2,1,3,2,1,1,0,1,1,1,0,0
BIHOR,1,,0,4,4,1,1,2,1,1,1,1,1,0,0,0
TELEORMAN,0,0.0114605171208945,34,4,1,3,3,2,1,0,0,0,1,0,0,0
TULCEA,1,,20,4,4,3,3,3,,,,,,,0,0
SALAJ,1,,20,2,4,2,1,2,0,1,0,1,1,0,0,0
COVASNA,1,,21,1,2,2,1,2,0,0,0,0,1,0,0,0
TELEORMAN,0,0.0198271479410269,59,1,1,1,1,1,0,0,1,0,0,0,0,0
BRASOV,0,0.00321409129212436,89,2,1,1,3,2,1,1,1,1,1,1,0,0
BOTOSANI,0,0.00162700833841773,6,4,4,2,1,2,0,0,0,0,1,0,0,0
MEHEDINTI,1,,34,3,3,3,3,4,,,,,,,0,0
DAMBOVITA,0,0.0340554156171285,10,2,1,1,3,3,,,,,,,0,0
SALAJ,0,0.0836337883080093,20,1,1,3,1,3,,,,,,,0,0
DOLJ,1,,10,1,2,1,1,2,1,1,0,1,0,0,0,0
CONSTANTA,1,,89,2,1,1,1,2,0,0,0,0,1,0,1,0
BIHOR,0,0.01063079676737,35,2,1,3,3,2,1,1,0,0,0,0,0,0
CLUJ,1,,49,4,2,2,1,3,,,,,,,0,0
ILFOV,0,0.0224769409868362,89,2,1,2,3,3,,,,,,,0,0
SIBIU,0,0.00387084962533837,10,1,3,3,1,4,,,,,,,0,0
IASI,1,,50,2,1,1,2,3,,,,,,,0,1
TELEORMAN,1,,43,1,4,3,4,2,1,1,0,0,1,0,0,0
BUCURESTI,0,0.0127187273323463,82,1,2,2,1,3,,,,,,,0,0
SUCEAVA,1,,75,1,2,3,1,2,0,1,0,0,1,0,0,0
CALARASI,1,,50,4,4,1,1,3,,,,,,,0,0
ILFOV,1,,14,4,3,2,1,2,0,1,0,1,1,1,0,0
NEAMT,1,,7,3,4,1,3,1,1,1,1,1,1,1,0,0
COVASNA,1,,21,3,3,1,3,1,0,1,1,0,0,0,0,0
SALAJ,1,,89,2,1,1,3,4,,,,,,,0,0
BUZAU,1,,53,1,2,3,1,1,0,1,0,0,0,0,0,0
MARAMURES,0,0.0242448176799003,20,4,1,3,3,2,0,0,0,0,1,0,0,0
SUCEAVA,1,,60,1,2,1,2,1,0,0,1,0,1,0,0,0
GALATI,1,,23,3,2,1,3,2,0,0,1,1,1,1,0,0
IASI,1,,43,1,2,3,3,4,,,,,,,0,0
NEAMT,1,,73,3,3,2,3,3,,,,,,,0,0
DAMBOVITA,1,,35,1,2,3,1,4,,,,,,,0,0
HARGHITA,1,,53,1,1,2,1,3,,,,,,,0,0
CONSTANTA,1,,89,4,4,1,1,2,0,0,0,0,1,1,0,0
CONSTANTA,0,0.00791259257216147,89,1,2,2,3,2,0,1,1,0,1,0,0,0
TIMIS,0,0.00720063761371236,37,2,4,3,2,2,1,1,0,0,0,1,0,0
CARAS-SEVERIN,1,,30,2,4,3,1,2,1,1,0,0,0,0,0,0
BUZAU,1,,59,1,1,1,3,1,0,1,0,0,0,0,0,0
ILFOV,1,,20,2,1,1,1,2,1,0,0,1,1,0,0,0
ILFOV,1,,87,4,4,3,3,3,,,,,,,0,0
BUCURESTI,0,0.0127187273323463,24,1,1,1,3,2,1,1,0,0,0,0,0,0
SALAJ,1,,9,3,3,3,3,3,,,,,,,0,0
BOTOSANI,1,,0,1,4,2,1,3,,,,,,,0,0
BRASOV,1,,20,2,1,3,3,2,1,1,1,1,1,1,0,0
NEAMT,1,,20,2,1,3,3,2,0,1,0,1,1,0,0,0
DOLJ,1,,51,1,2,3,1,2,0,1,0,0,1,1,0,0
MARAMURES,1,,10,3,1,1,3,3,,,,,,,0,0
IASI,1,,11,1,2,1,3,2,0,0,0,0,1,0,0,0
BRASOV,0,0.0169738425486098,89,1,2,3,1,4,,,,,,,0,0
DOLJ,0,0.0200611325030765,20,2,2,1,1,3,,,,,,,0,0
TULCEA,0,0.0123796423658872,12,3,3,2,3,2,0,1,1,1,1,0,0,0
TULCEA,1,,29,2,1,2,3,3,,,,,,,0,0
IALOMITA,1,,10,1,1,2,1,1,0,0,0,0,1,0,0,0
ARGES,1,,35,1,2,2,1,3,,,,,,,1,0
HARGHITA,1,,30,2,3,3,1,5,,,,,,,0,0
BOTOSANI,0,0.0141886119674628,90,2,2,1,3,2,0,0,1,0,0,0,0,0
SUCEAVA,0,0.00032478077297824,85,1,2,2,1,3,,,,,,,0,0
ARAD,0,0.015784484603859,30,1,1,1,3,1,1,1,0,1,0,0,0,0
ILFOV,1,,15,2,2,1,1,3,,,,,,,0,0
CARAS-SEVERIN,0,0.0062904891559478,80,1,1,1,1,2,1,0,0,0,0,0,0,0
MURES,0,0.0607585834981125,37,3,3,2,2,3,,,,,,,0,0
PRAHOVA,0,0.023673371271132,73,1,1,1,1,1,0,0,0,0,1,0,0,0
GALATI,0,0.00635418635418635,100,3,2,1,2,3,,,,,,,0,0
IASI,1,,56,1,2,2,3,3,,,,,,,0,0
GORJ,0,0.0311957209409329,11,1,2,2,1,2,0,1,0,0,1,0,0,0
BISTRITA-NASAUD,1,,24,2,4,3,1,2,1,1,0,1,1,0,0,0
BACAU,1,,20,1,2,2,2,2,0,0,0,0,1,0,0,0
VALCEA,1,,30,4,4,3,3,3,,,,,,,0,0
MURES,0,0.0225717899335997,45,3,3,2,1,3,,,,,,,0,0
NEAMT,1,,89,1,2,3,3,3,,,,,,,0,0
BUCURESTI,0,0.0127187273323463,1,3,4,1,1,1,1,1,0,0,1,0,0,0
CONSTANTA,1,,29,1,2,2,3,2,1,1,0,1,1,1,0,0
ARGES,1,,10,2,2,1,1,4,,,,,,,0,0
BRASOV,1,,30,4,4,1,1,3,,,,,,,0,0
BUCURESTI,0,0.0127187273323463,89,2,2,3,3,3,,,,,,,0,0
IASI,0,0.00461806716354316,89,1,4,3,1,2,0,0,0,0,0,1,0,0
TIMIS,1,,20,2,2,3,1,2,1,1,1,1,1,1,0,0
MURES,0,0.0225717899335997,97,3,3,2,1,2,1,0,1,0,1,0,0,0
TELEORMAN,1,,46,1,4,3,3,3,,,,,,,0,0
TIMIS,0,0.00720063761371236,19,1,2,2,3,5,,,,,,,0,0
MARAMURES,1,,28,2,1,1,3,2,1,0,1,0,1,0,0,0
CALARASI,1,,57,1,3,3,1,2,0,0,0,0,1,0,0,1
GALATI,0,0.0395961714960011,89,1,3,3,3,2,0,0,0,1,0,0,0,0
ILFOV,1,,18,2,2,2,2,2,0,0,0,0,0,1,0,0
ARGES,1,,81,1,1,1,3,4,,,,,,,0,0
CONSTANTA,1,,42,4,4,2,1,4,,,,,,,0,0
ILFOV,0,0.0379465834200486,70,2,1,3,3,3,,,,,,,0,0
SUCEAVA,1,,74,4,1,3,3,4,,,,,,,0,0
VRANCEA,1,,25,2,1,3,3,2,1,0,0,0,1,1,0,0
OLT,1,,20,1,2,3,3,2,0,0,0,0,0,0,0,0
PRAHOVA,0,0.023673371271132,89,1,2,2,3,1,1,1,0,0,1,0,0,0
TIMIS,1,,20,2,1,1,3,3,,,,,,,0,0
CLUJ,0,0.0490183973330041,38,1,2,3,1,3,,,,,,,0,0
GALATI,1,,89,1,2,1,2,2,0,0,0,0,1,1,0,0
ILFOV,1,,15,2,1,1,3,1,1,0,1,0,1,0,0,0
CONSTANTA,1,,21,2,2,2,3,2,1,1,1,1,1,0,0,0
IASI,1,,30,2,1,2,1,4,,,,,,,0,0
VALCEA,0,0.012389446579841,20,4,4,1,3,3,,,,,,,0,0
CLUJ,1,,28,2,1,1,3,2,1,1,1,0,1,0,0,0
BUZAU,0,0.0456143778081657,73,3,2,2,3,2,0,1,0,0,1,0,0,0
BRASOV,1,,50,4,2,3,3,4,,,,,,,0,0
CALARASI,1,,41,4,1,1,2,2,0,1,0,0,0,0,0,0
TULCEA,0,0.0123796423658872,100,4,4,2,4,3,,,,,,,0,0
CLUJ,1,,15,2,1,1,3,3,,,,,,,0,0
BIHOR,1,,77,1,4,1,4,3,,,,,,,0,0
TIMIS,1,,35,2,4,1,2,3,,,,,,,0,0
ARGES,0,0.00331448625463053,89,1,2,1,1,3,,,,,,,0,1
CARAS-SEVERIN,0,0.0149858188773828,60,2,1,3,3,1,0,0,0,1,0,1,0,0
NEAMT,1,,71,1,2,3,1,1,0,1,0,1,1,0,0,0
BUZAU,1,,89,4,2,3,1,2,0,1,0,1,1,0,0,0
TIMIS,1,,5,3,2,2,3,3,,,,,,,0,0
ILFOV,0,0.00708771613019728,27,1,2,3,1,3,,,,,,,0,0
BRASOV,0,0.00321409129212436,20,3,3,1,3,3,,,,,,,0,0
ALBA,1,,20,3,2,3,3,2,0,1,1,0,1,0,0,0
OLT,1,,65,3,3,2,3,3,,,,,,,0,0
BUCURESTI,0,0.0127187273323463,80,3,4,1,3,2,0,1,0,0,0,1,0,0
OLT,0,0.039283705231577,26,4,4,1,1,2,1,0,0,1,1,0,0,0
DAMBOVITA,1,,15,1,2,3,3,2,0,1,0,0,1,0,0,0
TIMIS,1,,5,1,4,2,1,3,,,,,,,0,0
BRASOV,0,0.00321409129212436,30,3,2,1,3,3,,,,,,,0,0
MARAMURES,1,,33,4,2,3,3,2,0,0,0,0,1,0,0,0
NEAMT,0,0.04568697198755,14,1,2,2,3,3,,,,,,,0,0
TELEORMAN,0,0.0198271479410269,3,2,1,1,3,2,0,1,0,0,1,1,0,0
GALATI,0,0.0395961714960011,24,4,4,1,1,2,0,1,1,0,1,0,0,0
SIBIU,1,,35,2,2,3,1,1,0,0,0,0,1,1,0,0
CLUJ,0,0.00995949288436951,10,4,2,3,3,2,1,1,0,0,1,0,0,0
OLT,1,,15,3,3,2,1,3,,,,,,,0,0
GIURGIU,0,0.0456301951073327,29,3,3,1,1,4,,,,,,,0,0
CLUJ,1,,11,1,2,1,3,2,0,0,0,1,0,1,0,0
CLUJ,0,0.00995949288436951,7,1,2,2,1,3,,,,,,,0,0
ARAD,1,,10,1,2,1,3,4,,,,,,,0,0
DOLJ,1,,18,4,2,2,3,1,0,0,0,0,1,0,0,1
CONSTANTA,0,0.00791259257216147,15,3,2,1,1,2,1,0,0,0,1,0,0,0
DAMBOVITA,0,0.033276736029348,51,3,4,1,3,1,0,1,0,0,0,0,0,0
PRAHOVA,1,,20,2,2,2,1,2,0,1,0,0,1,0,0,0
TIMIS,1,,50,3,1,1,3,1,0,0,0,0,1,0,0,0
TELEORMAN,0,0.0167676628563559,50,2,1,3,3,2,1,0,0,1,1,0,0,0
BACAU,0,0.00804063913393598,8,2,1,2,1,1,1,1,1,1,1,0,0,0
DAMBOVITA,0,0.033276736029348,35,1,2,3,1,2,0,0,0,0,1,0,0,0
CARAS-SEVERIN,1,,29,4,2,1,2,2,0,0,0,0,0,1,0,0
SUCEAVA,0,0.00655174607213282,23,3,3,1,3,2,1,1,0,1,1,0,0,0
CALARASI,1,,20,1,4,1,2,4,,,,,,,0,1
VRANCEA,1,,50,2,1,1,1,3,,,,,,,0,0
PRAHOVA,1,,20,4,1,2,1,3,,,,,,,0,0
GIURGIU,1,,21,4,2,3,1,3,,,,,,,0,0
TIMIS,1,,50,3,3,2,1,3,,,,,,,0,0
BRASOV,1,,13,1,3,1,3,3,,,,,,,0,0
IASI,0,0.00461806716354316,5,1,2,1,3,3,,,,,,,0,0
GIURGIU,1,,70,3,3,1,3,2,0,0,0,0,1,0,0,0
DAMBOVITA,1,,10,2,1,1,3,3,,,,,,,0,0
IALOMITA,0,0.0266513356466747,89,1,2,1,3,2,1,1,0,0,1,0,0,0
SUCEAVA,1,,89,3,3,3,3,5,,,,,,,0,0
BIHOR,1,,47,4,4,2,1,3,,,,,,,0,0
IASI,1,,64,1,2,1,2,3,,,,,,,0,0
GIURGIU,0,0.0456301951073327,20,2,1,1,3,3,,,,,,,0,1
BRASOV,1,,20,2,1,3,1,2,0,1,0,1,1,0,0,0
CALARASI,1,,20,4,4,2,3,2,0,0,0,0,0,1,0,0
CONSTANTA,1,,18,3,3,1,3,4,,,,,,,0,0
NEAMT,1,,19,1,2,1,3,1,1,1,1,0,1,0,0,0
BRASOV,1,,56,4,2,2,3,3,,,,,,,0,0
BIHOR,1,,20,2,1,3,4,3,,,,,,,0,0
CLUJ,1,,20,3,3,1,1,4,,,,,,,0,0
ARAD,0,0.015784484603859,10,4,4,2,1,3,,,,,,,0,0
BRASOV,0,0.00321409129212436,89,1,1,1,1,1,0,1,0,0,0,0,0,0
BUCURESTI,0,0.0127187273323463,10,2,2,3,1,1,0,0,0,0,1,0,0,0
GIURGIU,0,0.173886700999697,43,2,1,2,3,2,0,1,0,1,1,0,0,0
NEAMT,0,0.0165117658690923,48,1,3,3,1,1,1,0,0,0,0,0,0,0
PRAHOVA,1,,20,1,2,2,2,3,,,,,,,0,0
NEAMT,0,0.0165117658690923,14,1,2,1,1,2,0,1,0,0,1,0,0,0
BUCURESTI,0,0.0127187273323463,8,2,1,2,3,2,1,0,0,0,1,0,0,0
SIBIU,0,0.00387084962533837,89,1,3,2,3,5,,,,,,,0,0
BRASOV,1,,40,2,2,2,2,2,1,1,0,0,1,0,0,0
ARGES,1,,25,1,4,1,2,1,1,1,1,1,1,1,1,1
VRANCEA,0,0.0118903472659466,5,3,3,1,3,2,1,1,1,0,0,0,0,0
BRASOV,1,,50,3,3,3,3,3,,,,,,,0,0
TIMIS,1,,5,2,1,1,1,3,,,,,,,0,0
VRANCEA,1,,89,2,1,3,1,2,0,1,0,1,1,0,0,0
IASI,0,0.00461806716354316,88,4,2,3,3,3,,,,,,,0,0
CONSTANTA,0,0.00791259257216147,30,3,2,1,1,2,1,1,1,0,1,1,0,0
ILFOV,0,0.0501434887148065,54,4,3,2,1,2,0,0,0,0,1,0,0,0
TELEORMAN,0,0.0198271479410269,80,3,2,1,2,2,0,1,0,1,1,0,0,0
BRASOV,0,0.00321409129212436,30,1,2,3,3,2,0,0,0,1,1,0,0,0
PRAHOVA,1,,89,2,1,3,1,2,1,1,0,0,1,0,0,0
ARGES,1,,13,2,2,1,2,2,0,0,1,0,0,1,0,0
SATU MARE,1,,10,2,1,3,1,2,0,1,0,0,1,1,0,0
MARAMURES,1,,16,2,1,1,1,3,,,,,,,1,0
SALAJ,1,,15,1,2,2,3,1,0,1,0,0,0,0,0,0
NEAMT,1,,68,3,3,3,3,3,,,,,,,0,0
GIURGIU,1,,12,4,4,3,3,2,1,1,1,1,1,1,0,0
CONSTANTA,1,,57,1,1,3,3,2,1,1,1,1,1,0,0,0
BUZAU,0,0.0456143778081657,35,1,2,1,1,2,1,1,1,0,0,0,0,0
TIMIS,0,0.00720063761371236,30,4,4,2,4,3,,,,,,,0,0
PRAHOVA,0,0.023673371271132,89,1,2,3,2,3,,,,,,,0,0
MURES,0,0.0501214247166757,45,1,1,1,1,1,0,1,0,0,0,0,0,0
BISTRITA-NASAUD,1,,20,1,2,1,2,2,1,0,0,0,0,0,0,0
IASI,0,0.00461806716354316,8,2,1,3,3,3,,,,,,,0,0
BUCURESTI,0,0.0127187273323463,10,2,1,3,3,3,,,,,,,0,0
IASI,0,0.00461806716354316,89,3,2,1,3,1,1,1,1,1,1,0,0,0
PRAHOVA,1,,7,1,2,2,1,2,1,0,0,0,0,0,0,0
TIMIS,1,,23,4,1,2,1,3,,,,,,,0,0
GALATI,1,,60,3,3,3,3,2,1,0,0,0,0,0,0,0
ILFOV,0,0.0224769409868362,52,2,3,1,3,3,,,,,,,0,0
ILFOV,1,,8,3,3,3,2,3,,,,,,,0,0
PRAHOVA,0,0.023673371271132,10,1,4,1,3,3,,,,,,,0,0
CARAS-SEVERIN,0,0.0212871287128713,100,4,4,1,2,1,0,0,0,1,0,0,0,0
CLUJ,0,0.00995949288436951,9,2,1,3,3,2,1,1,0,1,1,0,0,0
BUZAU,1,,41,4,1,1,3,3,,,,,,,0,0
BIHOR,0,0.01063079676737,81,3,2,2,2,2,0,0,0,0,1,0,0,0
SUCEAVA,0,0.00753991720875222,10,1,2,1,1,2,1,1,0,1,1,1,0,0
ILFOV,1,,50,2,1,3,3,2,0,1,0,0,0,1,0,0
IALOMITA,1,,18,2,1,1,1,2,0,0,0,1,1,1,0,0
BACAU,0,0.00804063913393598,2,4,1,1,2,2,0,1,1,0,0,0,0,0
GIURGIU,0,0.0456301951073327,19,4,4,2,3,3,,,,,,,1,1
DOLJ,1,,16,2,1,1,1,3,,,,,,,0,0
SIBIU,1,,20,3,2,1,1,1,0,1,0,0,1,0,0,0
VASLUI,0,0.0130322995339868,12,4,4,1,2,3,,,,,,,0,0
HUNEDOARA,0,0.0119294524927098,33,1,3,2,2,2,0,0,1,0,0,0,0,0
IASI,0,0.00461806716354316,11,2,1,3,3,3,,,,,,,0,0
SUCEAVA,1,,50,2,4,3,3,3,,,,,,,0,0
ARAD,1,,40,4,2,1,1,2,1,0,0,0,0,0,0,0
BIHOR,1,,20,1,3,2,1,2,0,0,0,0,1,0,0,0
ARGES,1,,30,1,2,3,3,2,1,0,0,1,1,0,0,0
IASI,1,,11,3,1,3,3,2,1,0,0,0,1,0,0,0
CLUJ,0,0.00975910709778737,22,3,3,1,3,1,1,1,1,1,1,1,0,0
CONSTANTA,0,0.00841174408886253,40,3,3,2,1,2,0,1,0,0,1,1,0,0
BUCURESTI,0,0.0127187273323463,15,2,1,2,3,1,1,0,0,1,1,0,0,0
PRAHOVA,0,0.0123746725679704,89,4,2,2,1,3,,,,,,,0,0
BUZAU,0,0.0456143778081657,41,3,3,2,3,2,0,1,0,1,0,0,0,0
IALOMITA,0,0.0266513356466747,27,1,2,1,3,2,0,0,0,0,0,1,0,0
IASI,1,,62,2,1,1,1,2,0,0,0,0,1,0,0,0
NEAMT,0,0.0165117658690923,11,2,1,2,1,1,0,0,0,1,1,1,0,0
MURES,0,0.018858847301068,13,3,3,1,3,2,1,0,0,0,1,0,0,0
TELEORMAN,0,0.0198271479410269,5,3,3,2,2,2,0,0,0,1,1,1,0,0
MURES,0,0.0605306559416684,36,4,4,1,1,2,1,0,0,0,0,0,0,0
ILFOV,0,0.000572041473006793,50,2,1,3,3,2,0,0,0,0,0,1,0,0
PRAHOVA,0,0.00901390939466936,10,1,2,1,1,2,0,1,0,1,1,0,0,0
TIMIS,1,,18,1,1,1,1,2,0,0,0,1,0,1,0,0
SUCEAVA,0,0.00615512118210669,2,4,2,3,1,2,0,1,1,0,1,0,0,0
BUZAU,0,0.0456143778081657,26,4,3,3,2,2,1,0,0,0,0,0,0,0
TELEORMAN,1,,89,1,1,3,2,1,0,0,0,0,1,0,0,0
DAMBOVITA,0,0.033276736029348,78,2,1,3,3,2,1,0,0,0,0,0,0,0
OLT,0,0.039283705231577,55,1,2,2,2,3,,,,,,,0,0
HUNEDOARA,0,0.0119294524927098,89,1,1,1,1,3,,,,,,,0,0
CLUJ,1,,30,1,2,3,3,2,0,0,0,1,0,1,0,0
TELEORMAN,0,0.0315644843848639,20,3,4,1,2,2,0,1,1,0,1,1,0,0
COVASNA,0,0.0147058823529412,33,3,1,3,1,2,0,0,0,0,1,0,0,0
COVASNA,0,0.0147058823529412,47,1,3,1,1,2,0,0,0,1,0,1,0,0
DAMBOVITA,1,,100,3,4,2,2,1,1,1,0,0,0,1,0,0
IALOMITA,0,0.0266513356466747,25,4,4,3,3,2,1,1,1,0,1,0,0,0
TULCEA,0,0.126548307184145,20,4,1,2,3,2,0,0,1,0,1,0,0,0
CONSTANTA,0,0.00841174408886253,41,3,1,1,2,3,,,,,,,0,0
GIURGIU,0,0.0456301951073327,80,2,1,3,3,3,,,,,,,0,0
ARAD,0,0.015784484603859,26,4,1,1,1,2,0,1,0,0,1,0,0,0
SIBIU,0,0.00387084962533837,40,1,1,1,1,2,0,1,0,0,1,0,0,0
BOTOSANI,0,0.0113163348049374,20,2,1,1,3,2,0,1,0,1,1,1,0,0
MURES,0,0.0605306559416684,59,1,3,2,1,3,,,,,,,0,0
BACAU,0,0.00804063913393598,33,1,2,1,1,1,0,0,0,0,0,1,0,0
HUNEDOARA,0,0.00730526497795453,60,1,2,3,1,2,0,1,0,1,0,1,0,0
BUZAU,0,0.0456143778081657,28,2,1,1,1,3,,,,,,,0,0
GIURGIU,0,0.0268439538384345,50,2,1,1,3,1,1,1,0,0,1,0,0,0
MEHEDINTI,0,0.00573493437814026,80,2,1,3,3,3,,,,,,,0,0
BISTRITA-NASAUD,0,0.0208769283176797,30,2,4,1,2,2,1,1,0,1,1,0,0,0
TIMIS,1,,45,3,4,3,1,3,,,,,,,0,0
BRAILA,0,0.0294835680751174,11,4,4,1,1,2,1,1,1,1,1,0,0,0
BOTOSANI,1,,40,1,2,3,4,2,1,0,1,1,1,1,0,0
BACAU,1,,89,2,1,2,3,3,,,,,,,0,0
IALOMITA,0,0.0542822300741065,33,3,1,3,2,5,,,,,,,0,0
HARGHITA,0,0.014640120766755,34,2,1,2,1,4,,,,,,,0,0
ARAD,0,0.0577706455993087,31,4,1,1,3,2,1,1,0,0,0,1,0,0
GALATI,0,0.00635418635418635,24,2,1,3,3,2,1,1,0,0,1,0,0,0
MARAMURES,0,0.0242448176799003,31,1,2,1,1,3,,,,,,,0,0
HUNEDOARA,1,,35,1,2,1,1,3,,,,,,,0,0
OLT,1,,36,1,2,3,3,3,,,,,,,0,0
TIMIS,0,0.00720063761371236,25,2,1,3,3,4,,,,,,,0,0
ARAD,1,,31,3,1,3,4,2,0,0,0,0,0,1,0,0
IASI,0,0.00461806716354316,25,3,1,3,2,2,1,1,1,1,1,0,0,0
MURES,0,0.0225717899335997,6,2,4,1,3,3,,,,,,,0,0
IASI,0,0.0771257905832748,100,4,4,3,4,5,,,,,,,0,0
MURES,1,,89,1,2,3,3,2,1,1,0,0,1,0,0,0
ALBA,0,0.0168477056085125,12,2,2,3,3,2,0,0,0,1,1,1,0,0
ILFOV,1,,30,1,2,2,1,1,0,1,1,0,1,0,0,0
CALARASI,0,0.0313814918346329,89,1,4,1,1,2,0,1,0,0,1,0,0,0
ILFOV,0,0.0379465834200486,20,3,2,1,3,3,,,,,,,0,0
ILFOV,0,0.0501434887148065,34,2,1,3,3,2,1,0,0,0,1,1,0,0
IALOMITA,0,0.108944281524927,10,2,3,3,3,3,,,,,,,0,0
ALBA,0,0.0395480225988701,10,2,1,2,3,3,,,,,,,0,0
ARGES,1,,59,3,3,3,1,2,1,1,1,0,1,0,0,0
BUCURESTI,0,0.0127187273323463,42,1,2,2,1,2,1,1,0,0,1,0,0,0
TIMIS,1,,11,1,2,2,1,1,0,0,1,0,1,0,0,0
CLUJ,0,0.00995949288436951,10,2,1,1,1,2,1,0,0,1,1,0,0,0
PRAHOVA,0,0.023673371271132,20,1,2,3,3,2,0,0,0,0,1,0,0,0
DAMBOVITA,0,0.033276736029348,14,2,2,3,1,2,0,0,0,0,1,0,0,0
CARAS-SEVERIN,0,0.0275258807479336,30,3,3,1,1,2,0,1,0,1,1,1,0,0
SATU MARE,1,,20,1,1,1,3,2,1,0,1,0,0,1,0,0
COVASNA,0,0.0317742993720124,81,2,2,2,1,2,0,0,0,1,0,0,0,0
TULCEA,0,0.0123796423658872,11,3,3,1,3,2,1,0,0,0,1,0,0,0
IALOMITA,0,0.0542822300741065,35,3,2,1,1,2,1,0,0,1,1,1,0,0
NEAMT,0,0.00907256988547215,30,1,2,2,3,2,0,1,1,0,1,0,0,0
ARGES,1,,25,3,4,3,3,2,1,0,0,0,1,0,0,0
CALARASI,0,0.0578566987876904,53,1,2,3,1,3,,,,,,,0,0
VASLUI,0,0.0130322995339868,6,1,1,1,4,3,,,,,,,0,0
ARAD,0,0.015784484603859,30,1,2,2,1,2,1,1,0,0,0,0,0,0
ILFOV,1,,24,1,2,2,1,2,1,0,0,0,1,0,0,0
BIHOR,0,0.0509200662058222,39,2,3,3,2,3,,,,,,,0,0
NEAMT,0,0.00907256988547215,10,1,2,1,3,1,1,1,1,0,1,0,0,0
NEAMT,0,0.0251855147537858,14,1,1,3,3,2,0,0,0,1,1,0,0,0
IASI,0,0.00461806716354316,30,3,2,3,1,3,,,,,,,0,0
SALAJ,0,0.0130313930673643,10,1,2,1,1,3,,,,,,,0,0
VRANCEA,0,0.0114096822350181,8,3,3,2,1,2,1,1,0,1,1,1,0,0
BUCURESTI,0,0.0127187273323463,82,4,4,2,1,2,0,0,0,0,0,1,0,0
BACAU,0,0.00628944894578987,10,2,1,3,1,3,,,,,,,0,0
SALAJ,0,0.0130313930673643,40,4,4,2,1,3,,,,,,,0,0
CLUJ,0,0.00995949288436951,2,3,3,2,3,2,1,0,0,1,0,1,0,0
CARAS-SEVERIN,1,,5,4,4,1,1,3,,,,,,,0,0
ARGES,0,0.00523976060882201,56,2,1,1,3,2,0,0,0,0,1,1,0,0
VALCEA,0,0.012389446579841,89,1,4,2,3,2,1,0,0,0,0,0,0,0
SIBIU,0,0.00387084962533837,64,3,3,3,3,2,1,0,0,0,0,0,0,0
IASI,0,0.00461806716354316,60,3,2,3,2,3,,,,,,,0,0
NEAMT,1,,12,4,2,1,2,3,,,,,,,0,0
ARGES,0,0.00523976060882201,72,3,1,2,2,2,1,1,0,0,0,0,0,0
ILFOV,0,0.0379465834200486,42,1,2,2,1,3,,,,,,,0,0
NEAMT,0,0.0251855147537858,41,2,1,3,3,1,1,1,1,0,0,0,0,0
ILFOV,1,,12,1,2,3,3,2,0,1,0,1,1,0,0,0
ILFOV,0,0.0379465834200486,6,4,2,1,1,1,0,1,0,0,1,0,0,0
PRAHOVA,0,0.00901390939466936,50,4,4,2,3,4,,,,,,,0,0
DAMBOVITA,1,,89,1,2,1,1,2,0,1,0,1,1,1,0,0
BUCURESTI,0,0.0127187273323463,66,3,1,3,1,2,1,1,0,0,1,0,0,0
ARGES,1,,41,2,2,1,3,3,,,,,,,0,0
TIMIS,1,,12,3,4,1,3,3,,,,,,,0,0
SUCEAVA,0,0.00828349615541771,100,2,3,1,3,2,0,0,1,0,0,0,0,0
TELEORMAN,1,,24,3,3,2,4,2,0,0,0,0,1,0,0,0
BUZAU,0,0.0456143778081657,60,2,2,2,3,3,,,,,,,0,0
IASI,0,0.00461806716354316,20,2,1,3,3,3,,,,,,,0,0
ILFOV,0,0.0501434887148065,30,2,2,2,3,3,,,,,,,0,0
HARGHITA,0,0.0170627666057282,60,2,1,2,1,4,,,,,,,0,0
TIMIS,0,0.00558186738836265,7,3,3,2,3,1,1,1,0,0,1,0,0,0
SIBIU,0,0.00387084962533837,30,4,2,3,3,3,,,,,,,0,0
GIURGIU,0,0.0456301951073327,50,2,1,3,3,2,1,0,0,1,0,0,0,0
IASI,1,,20,2,1,3,3,2,1,1,0,1,1,0,0,0
ARGES,1,,35,2,1,1,1,3,,,,,,,0,0
BISTRITA-NASAUD,0,0.0208769283176797,50,2,1,1,1,3,,,,,,,0,0
MARAMURES,1,,89,2,1,3,3,1,1,0,0,0,1,0,0,0
ARGES,1,,51,3,3,3,1,3,,,,,,,0,0
SUCEAVA,0,0.00615512118210669,4,1,2,1,3,2,0,1,1,1,1,0,0,0
MURES,0,0.0602914389799636,53,2,1,1,1,3,,,,,,,0,0
VRANCEA,0,0.0118903472659466,0,2,2,1,1,3,,,,,,,0,0
GALATI,0,0.0395961714960011,89,1,2,2,1,4,,,,,,,0,0
PRAHOVA,0,0.018405081957915,3,3,2,1,3,2,0,0,0,0,1,1,0,0
BUCURESTI,0,0.0127187273323463,74,1,3,3,3,1,1,0,0,0,1,0,0,0
HUNEDOARA,0,0.0119294524927098,12,3,3,1,3,2,1,1,1,1,1,0,0,0
VRANCEA,0,0.0540689655172414,8,1,4,3,2,2,1,1,1,1,1,0,0,0
ARGES,0,0.00523976060882201,10,4,2,1,3,2,0,0,0,0,1,0,0,0
IALOMITA,0,0.00360938439943854,89,4,4,1,4,2,0,0,0,0,1,0,0,0
SUCEAVA,0,0.00615512118210669,21,3,3,1,2,1,1,0,0,0,0,0,0,0
HARGHITA,0,0.00847862731778499,34,2,1,1,3,2,1,1,0,0,1,1,0,0
DOLJ,0,0.0200611325030765,20,2,1,3,3,3,,,,,,,0,0
PRAHOVA,0,0.018405081957915,10,2,1,2,2,3,,,,,,,0,0
BUZAU,0,0.0782041214221885,20,2,1,2,1,3,,,,,,,0,0
TIMIS,1,,70,1,2,3,3,3,,,,,,,0,0
CARAS-SEVERIN,0,0.0212871287128713,23,1,1,2,3,2,0,1,1,1,1,1,0,0
BRASOV,0,0.00321409129212436,28,2,1,1,2,3,,,,,,,0,0
VASLUI,0,0.0130322995339868,89,1,3,2,1,3,,,,,,,0,0
DAMBOVITA,0,0.033276736029348,22,1,4,1,4,1,1,0,0,0,1,0,0,0
PRAHOVA,1,,20,4,1,2,1,3,,,,,,,0,0
MARAMURES,0,0.0242448176799003,25,2,1,1,1,2,0,0,0,0,1,0,0,0
ARAD,0,0.049087982832618,80,2,4,3,3,3,,,,,,,0,0
BUCURESTI,0,0.0127187273323463,96,1,1,1,1,3,,,,,,,1,0
MURES,0,0.0225717899335997,14,1,2,1,1,2,1,1,1,0,1,0,0,0
BRASOV,0,0.0490268970041548,30,2,1,1,3,2,0,0,0,1,0,1,0,0
SALAJ,0,0.0130313930673643,1,2,3,3,3,4,,,,,,,0,0
PRAHOVA,1,,25,2,1,3,3,2,1,1,0,0,0,1,0,0
BOTOSANI,1,,89,1,2,3,3,3,,,,,,,0,0
PRAHOVA,1,,15,1,2,1,1,3,,,,,,,0,0
CLUJ,1,,25,1,2,1,3,3,,,,,,,0,0
SATU MARE,0,0.0118774264346511,25,1,3,2,3,3,,,,,,,0,0
TIMIS,1,,46,1,2,2,3,1,1,0,0,0,0,0,0,0
CLUJ,0,0.0328575874794362,30,2,3,2,1,2,1,1,0,1,0,0,0,0
HUNEDOARA,0,0.0160927793213249,31,2,2,3,3,2,1,0,1,1,0,0,0,0
BUZAU,0,0.0456143778081657,50,2,1,3,3,3,,,,,,,0,0
SATU MARE,0,0.0118774264346511,9,2,1,1,3,2,0,0,0,0,1,0,0,0
ALBA,0,0.0389097131681877,26,2,2,1,3,2,1,1,1,1,1,0,0,1
VASLUI,1,,20,1,2,2,1,3,,,,,,,0,0
SUCEAVA,0,0.00828349615541771,25,3,2,1,2,2,0,1,0,0,0,1,0,0
MARAMURES,0,0.0380213870302045,35,4,4,2,1,3,,,,,,,0,0
SATU MARE,0,0.105605109569431,51,1,2,1,2,2,0,0,0,0,0,1,0,0
ILFOV,0,0.00708771613019728,30,3,1,2,1,2,1,1,0,0,1,1,0,0
VALCEA,1,,34,1,2,1,3,2,0,0,0,0,1,0,0,0
MURES,0,0.0605306559416684,27,1,2,2,3,2,0,0,0,0,1,0,0,0
IASI,0,0.0139510397473019,20,4,4,3,4,5,,,,,,,0,0
BRASOV,0,0.00321409129212436,20,2,3,1,2,3,,,,,,,0,0
DOLJ,0,0.0200611325030765,20,2,2,1,3,1,1,0,1,0,1,0,0,0
SIBIU,0,0.0151530256205762,2,2,2,3,3,3,,,,,,,0,0
BUCURESTI,0,0.0127187273323463,70,4,2,3,3,3,,,,,,,0,0
ILFOV,1,,9,4,3,2,3,1,1,1,1,1,1,1,0,0
IASI,0,0.0139510397473019,16,4,4,2,1,2,1,1,0,0,0,0,0,0
DOLJ,0,0.0200611325030765,16,2,4,1,3,3,,,,,,,0,0
MARAMURES,0,0.0125493371116284,12,1,2,3,3,2,1,0,0,0,1,1,0,0
VASLUI,0,0.0130322995339868,2,3,4,1,1,3,,,,,,,0,0
IASI,0,0.0139510397473019,29,3,2,3,2,5,,,,,,,0,0
GORJ,1,,30,4,4,1,3,2,0,1,0,1,1,1,0,0
VALCEA,0,0.0546687532603026,13,1,2,3,1,3,,,,,,,0,0
TIMIS,0,0.00720063761371236,50,4,4,1,3,4,,,,,,,0,0
BUCURESTI,0,0.0127187273323463,0,4,4,2,1,2,1,0,0,0,0,1,0,0
BIHOR,0,0.0228043828911508,14,1,2,1,3,5,,,,,,,0,0
SUCEAVA,0,0,24,3,1,2,1,3,,,,,,,0,0
SALAJ,0,0.0836337883080093,25,1,1,1,1,1,0,1,0,0,1,0,0,0
VASLUI,0,0.0130322995339868,41,2,1,2,1,1,1,0,1,0,1,0,0,0
CLUJ,0,0.0490183973330041,5,2,1,3,1,3,,,,,,,0,0
MURES,0,0.0225717899335997,19,4,4,1,1,1,0,1,0,0,0,0,0,0
BRASOV,0,0.00321409129212436,80,2,1,3,3,2,1,1,0,0,1,0,0,0
MEHEDINTI,0,0.0108803165182987,89,2,1,1,1,2,1,1,0,1,0,1,0,0
BRASOV,0,0.00321409129212436,20,3,1,2,3,2,1,1,1,0,1,0,0,0
BUCURESTI,0,0.0127187273323463,65,2,1,3,1,2,1,0,0,1,0,1,0,0
BUZAU,0,0.0782041214221885,89,1,2,3,3,2,1,1,0,1,0,0,1,1
BUCURESTI,0,0.0127187273323463,20,2,1,3,3,3,,,,,,,0,0
BUCURESTI,0,0.0127187273323463,40,4,4,3,3,3,,,,,,,0,0
SUCEAVA,0,0.00204026845637584,50,2,1,3,3,2,0,0,0,1,1,1,0,0
ILFOV,1,,10,3,3,1,1,1,1,0,0,0,1,0,0,0
HARGHITA,0,0.014640120766755,50,2,1,3,3,2,1,1,0,0,1,0,0,0
SALAJ,0,0.0836337883080093,72,2,3,1,3,3,,,,,,,0,0
IASI,0,0.00461806716354316,70,1,2,1,3,3,,,,,,,0,0
ILFOV,1,,25,4,4,1,4,1,1,0,0,0,1,0,0,0
BRASOV,0,0.0247315327041979,3,1,2,2,1,2,1,0,0,0,0,0,0,0
BACAU,0,0.00804063913393598,10,4,1,1,3,3,,,,,,,0,0
DOLJ,0,0.0200611325030765,89,2,1,1,3,2,1,1,1,1,1,0,0,0
SUCEAVA,1,,35,1,2,3,3,4,,,,,,,0,0
BACAU,0,0.0503218786834709,80,3,3,1,1,2,0,1,0,0,1,0,0,0
SUCEAVA,0,0.00615512118210669,63,2,1,2,3,4,,,,,,,0,0
GIURGIU,0,0.173886700999697,7,2,4,2,1,2,1,1,0,0,1,0,0,0
ILFOV,1,,6,1,2,2,1,2,1,1,1,1,1,1,0,0
SATU MARE,0,0.0118774264346511,36,1,2,3,3,2,1,1,0,1,0,0,0,0
BACAU,0,0.0307762766201053,20,1,3,1,3,3,,,,,,,0,0
HARGHITA,0,0.00847862731778499,29,2,1,2,3,2,0,0,0,0,1,0,0,0
BUCURESTI,0,0.0127187273323463,34,3,3,2,3,3,,,,,,,0,0
VALCEA,0,0.0546687532603026,30,4,4,1,3,2,0,0,0,1,1,0,0,0
ARGES,0,0.00281498738109105,56,1,2,3,3,2,1,0,0,0,0,0,0,0
SUCEAVA,0,0.00753991720875222,25,3,3,1,1,2,1,0,0,0,0,0,0,0
SATU MARE,0,0.0212688602072351,3,3,3,2,3,1,0,1,0,0,0,0,0,0
BUCURESTI,0,0.0127187273323463,11,4,2,3,3,4,,,,,,,0,0
SATU MARE,0,0.0212688602072351,56,3,2,1,3,2,0,0,1,1,1,1,0,0
COVASNA,1,,20,2,1,3,3,3,,,,,,,0,0
MARAMURES,0,0.0380213870302045,80,2,4,2,1,3,,,,,,,0,0
OLT,0,0.0243140120149375,37,2,1,3,1,2,0,0,0,0,0,1,0,0
ILFOV,0,0.00708771613019728,10,2,1,2,1,1,1,1,1,1,1,1,0,0
BIHOR,1,,50,3,3,2,1,3,,,,,,,0,0
BUCURESTI,0,0.0127187273323463,65,1,2,3,3,3,,,,,,,0,0
IASI,0,0.00461806716354316,21,1,2,1,1,2,1,0,1,0,1,0,0,0
SUCEAVA,0,0.00655174607213282,20,1,2,1,3,2,1,0,0,0,0,0,0,0
CLUJ,0,0.00995949288436951,30,2,1,3,3,2,1,0,0,1,0,0,0,0
SALAJ,0,0.0130313930673643,15,1,2,3,3,4,,,,,,,0,0
BIHOR,0,0.01063079676737,30,1,1,1,3,3,,,,,,,0,0
IASI,0,0.00461806716354316,47,3,4,1,1,2,1,1,1,0,1,0,0,0
ALBA,0,0.0389097131681877,39,2,1,3,3,2,1,1,0,0,1,1,0,0
BACAU,0,0.00804063913393598,3,4,2,1,3,2,0,0,1,0,1,1,0,0
HARGHITA,0,0.00847862731778499,16,2,1,1,2,2,1,1,0,1,0,0,0,0
SALAJ,0,0.0130313930673643,13,2,2,1,3,4,,,,,,,0,0
VALCEA,0,0.012389446579841,12,2,1,3,1,1,0,0,0,0,1,1,0,0
OLT,0,0.0713180958927651,20,1,2,3,3,2,1,1,1,0,1,0,0,0
MURES,0,0.0995301153353268,22,4,4,1,1,3,,,,,,,0,0
SATU MARE,0,0.0212688602072351,60,2,1,3,3,1,1,1,0,0,1,0,0,0
DOLJ,0,0.0200611325030765,13,4,4,2,1,2,0,0,1,0,1,0,0,0
BRASOV,0,0.00321409129212436,50,3,3,1,1,1,1,0,0,0,1,0,0,0
MEHEDINTI,0,0.00573493437814026,10,2,1,3,3,2,0,0,0,0,0,0,0,0
TIMIS,0,0.00720063761371236,12,4,3,1,3,1,0,0,0,0,1,0,0,0
BUCURESTI,0,0.0127187273323463,45,2,1,3,1,4,,,,,,,0,0
BOTOSANI,0,0.0141886119674628,10,3,3,2,1,1,1,0,0,0,0,0,0,0
BUCURESTI,0,0.0127187273323463,30,2,1,3,3,4,,,,,,,0,0
BUCURESTI,0,0.0127187273323463,10,2,1,3,1,2,1,0,1,0,1,0,0,0
BACAU,0,0.0135384122406473,5,1,2,3,1,2,1,0,1,1,1,0,0,0
SATU MARE,0,0.0144028362508309,39,2,2,3,1,2,0,1,0,1,1,1,0,0
MURES,0,0.0225717899335997,10,3,2,1,3,3,,,,,,,0,0
BRASOV,0,0.00321409129212436,89,4,2,3,3,2,1,0,0,0,1,1,0,0
BIHOR,0,0.01063079676737,34,4,4,3,1,3,,,,,,,0,0
ARGES,0,0.00523976060882201,5,4,1,2,1,3,,,,,,,0,0
VASLUI,0,0.00419080937283627,5,2,4,2,3,2,1,1,0,0,1,1,0,0
BIHOR,0,0.01063079676737,50,1,2,3,1,2,0,0,0,0,0,1,0,0
BRASOV,0,0.00321409129212436,15,1,2,3,1,2,1,0,0,1,1,0,0,0
MARAMURES,0,0.0125493371116284,91,3,3,2,2,3,,,,,,,0,0
SUCEAVA,0,0.121626651777406,79,1,1,1,3,3,,,,,,,1,1
TIMIS,0,0.00720063761371236,86,1,4,1,2,4,,,,,,,0,0
BOTOSANI,0,0.0141886119674628,49,3,1,3,3,3,,,,,,,0,0
BRASOV,0,0.00321409129212436,68,2,2,1,3,3,,,,,,,0,0
BACAU,0,0.00804063913393598,12,2,1,1,3,2,0,0,1,0,1,0,0,0
BUCURESTI,0,0.0127187273323463,22,4,3,1,3,1,1,0,0,1,1,1,0,0
VALCEA,0,0.012389446579841,21,2,2,3,1,3,,,,,,,0,0
SUCEAVA,0,0.00753991720875222,24,4,1,1,3,3,,,,,,,0,0
BUCURESTI,0,0.0127187273323463,40,2,1,2,1,2,1,0,0,0,1,1,0,0
IASI,0,0.0139510397473019,20,2,1,1,3,2,0,0,0,0,1,1,0,0
VALCEA,0,0.012389446579841,89,1,2,3,1,2,1,1,1,0,1,0,0,0
ARGES,0,0.00597068394184554,30,3,2,1,1,2,0,0,0,0,1,0,0,0
BUCURESTI,0,0.0127187273323463,27,2,1,1,1,3,,,,,,,0,0
BUCURESTI,0,0.0127187273323463,5,1,2,1,1,1,0,1,0,1,1,1,0,0
BIHOR,0,0.01063079676737,6,2,2,3,3,3,,,,,,,0,0
GORJ,0,0.0311957209409329,15,2,1,3,3,2,1,0,0,0,1,1,0,0
SIBIU,0,0.00387084962533837,51,1,3,1,3,2,1,1,1,1,1,1,0,0
BOTOSANI,0,9.22849760059062e-05,20,2,1,2,3,2,0,0,0,0,0,1,0,0
IASI,0,0.00461806716354316,14,1,1,1,2,2,1,0,1,0,1,0,0,0
DOLJ,0,0.0200611325030765,89,3,2,2,3,3,,,,,,,0,0
BACAU,0,0.00804063913393598,75,2,2,1,3,2,1,1,0,0,1,1,0,0
BACAU,0,0.0503218786834709,9,4,2,3,3,2,0,0,0,0,1,1,0,0
CALARASI,0,0.0603022377215926,79,3,1,3,1,5,,,,,,,0,0
MARAMURES,0,0.003690036900369,20,1,1,3,1,2,0,0,0,0,1,0,1,0
CLUJ,0,0.00995949288436951,10,1,2,1,3,3,,,,,,,0,0
VALCEA,0,0.012389446579841,10,2,1,3,3,3,,,,,,,0,0
SUCEAVA,0,0.00753991720875222,7,4,2,3,1,3,,,,,,,0,0
BRASOV,0,0.00321409129212436,60,2,1,3,3,3,,,,,,,0,0
BRASOV,0,0.00321409129212436,21,2,2,1,3,2,1,1,0,0,0,0,0,0
HUNEDOARA,0,0.0131024493020806,40,2,1,3,3,3,,,,,,,0,0
DOLJ,0,0.0200611325030765,44,2,2,3,1,3,,,,,,,0,0
MARAMURES,0,0.0125493371116284,40,2,1,3,1,2,1,0,0,0,1,0,0,0
MARAMURES,0,0.0242448176799003,20,3,3,3,3,3,,,,,,,0,0
BUCURESTI,0,0.0127187273323463,12,3,3,1,3,2,0,1,0,0,0,0,0,0
SATU MARE,0,0.0118774264346511,18,4,4,1,2,4,,,,,,,0,0
SALAJ,0,0.0836337883080093,89,2,1,3,3,2,1,1,1,1,1,0,0,0
MARAMURES,0,0.0242448176799003,3,3,2,2,3,2,0,1,0,1,1,0,0,0
MURES,0,0.0225717899335997,25,4,1,2,1,3,,,,,,,0,0
BRASOV,0,0.0247315327041979,50,2,2,2,3,3,,,,,,,1,0
SUCEAVA,0,0.00828349615541771,25,4,2,3,3,2,0,1,0,1,1,1,0,0
IASI,0,0.0139510397473019,1,4,2,2,3,3,,,,,,,0,0
IASI,0,0.0139510397473019,16,1,1,1,3,3,,,,,,,1,1
MARAMURES,0,0.0211663543159519,19,2,2,2,1,2,1,0,0,0,1,0,0,0
TELEORMAN,0,0.0198271479410269,2,4,4,2,1,3,,,,,,,0,0
DOLJ,0,0.0200611325030765,26,1,2,2,3,3,,,,,,,0,0
BRASOV,0,0.0323064913228848,21,3,4,2,2,1,1,1,0,0,1,0,0,0
BIHOR,0,0.01063079676737,24,4,4,2,1,3,,,,,,,0,0
BRASOV,0,0.00321409129212436,18,2,1,2,1,4,,,,,,,0,0
NEAMT,0,0.0251855147537858,5,2,1,1,1,2,1,1,1,1,1,1,0,0
ARGES,0,0.00523976060882201,2,1,2,3,3,2,1,0,0,1,0,0,0,0
BRASOV,0,0.0169738425486098,75,3,3,3,3,2,1,1,1,1,1,1,0,0
BUCURESTI,0,0.0127187273323463,52,2,2,3,2,3,,,,,,,0,0
BACAU,0,0.0307762766201053,30,3,2,3,3,3,,,,,,,0,0
HUNEDOARA,0,0.0125210871602624,50,1,1,1,1,2,0,0,0,0,1,0,0,1
BRASOV,0,0.0169738425486098,5,3,1,3,3,1,1,0,0,0,0,1,0,0
HARGHITA,0,0.014640120766755,70,3,3,1,3,2,1,0,0,0,0,0,0,0
MARAMURES,0,0.0242448176799003,100,1,2,2,1,1,0,0,0,0,0,1,0,0
IASI,0,0.0139510397473019,2,2,3,3,3,2,0,0,0,1,1,0,0,0
BUCURESTI,0,0.0127187273323463,40,2,1,1,3,3,,,,,,,0,0
BACAU,0,0.00804063913393598,40,1,2,3,1,2,0,0,0,0,1,0,0,0
SALAJ,0,0.0836337883080093,6,4,4,2,1,2,0,0,0,0,1,0,0,0
NEAMT,0,0.00907256988547215,15,3,1,1,1,2,1,1,0,0,1,0,0,0
BIHOR,0,0.01063079676737,0,4,4,2,3,2,0,0,0,0,1,0,0,0
TIMIS,0,0.00720063761371236,30,1,2,2,1,2,0,0,0,0,1,1,0,0
MARAMURES,0,0.00513935560387428,16,1,1,1,3,3,,,,,,,0,0
BUCURESTI,0,0.0127187273323463,10,2,1,3,3,3,,,,,,,0,0
CLUJ,0,0.00995949288436951,10,2,1,1,1,3,,,,,,,0,0
SIBIU,0,0.00387084962533837,10,3,1,2,3,2,0,1,0,0,0,0,0,0
BUCURESTI,0,0.0127187273323463,12,3,3,3,1,2,0,0,0,0,1,0,0,0
ARAD,0,0.015784484603859,75,2,1,1,1,3,,,,,,,0,0
ARAD,0,0.015784484603859,60,4,4,2,3,3,,,,,,,0,0
BUCURESTI,0,0.0127187273323463,63,2,1,3,3,3,,,,,,,0,0
IASI,0,0.00461806716354316,5,4,4,1,3,2,1,0,0,0,0,1,0,0
VALCEA,0,0.012389446579841,26,1,1,2,1,1,1,1,0,0,1,0,0,0
TIMIS,0,0.00720063761371236,62,2,2,2,2,2,1,1,1,1,1,1,0,0
VALCEA,0,0.012389446579841,10,2,3,1,3,2,0,0,0,0,1,0,0,0
BUCURESTI,0,0.0127187273323463,5,1,2,1,3,4,,,,,,,0,0
SIBIU,0,0.00387084962533837,20,4,4,1,1,3,,,,,,,0,0
BUCURESTI,0,0.0127187273323463,50,2,1,2,1,2,0,0,0,0,0,0,0,0
VALCEA,0,0.012389446579841,40,1,1,2,3,3,,,,,,,0,0
BOTOSANI,0,0.0113163348049374,69,2,2,3,2,2,1,1,0,1,1,0,0,0
DOLJ,0,0.0200611325030765,65,1,2,3,3,4,,,,,,,0,0
CLUJ,0,0.00995949288436951,50,2,1,1,1,3,,,,,,,0,0
BUCURESTI,0,0.0127187273323463,40,2,1,1,3,3,,,,,,,0,0
BUCURESTI,0,0.0127187273323463,21,2,2,1,2,3,,,,,,,0,0
BUCURESTI,0,0.0127187273323463,14,2,1,1,3,2,0,1,0,0,1,0,0,0
BRASOV,0,0.00321409129212436,48,1,2,2,2,1,1,1,0,0,1,1,0,0
BUCURESTI,0,0.0127187273323463,34,1,2,1,1,3,,,,,,,0,0
SIBIU,0,0.00387084962533837,15,2,2,2,1,2,0,1,0,0,0,0,0,0
DOLJ,0,0.0200611325030765,18,3,3,1,3,2,0,0,0,1,0,0,0,0
NEAMT,0,0.00907256988547215,15,3,3,1,3,1,1,0,0,0,1,0,0,0
BUCURESTI,0,0.0127187273323463,18,2,1,2,1,3,,,,,,,0,0
CARAS-SEVERIN,0,0.0062904891559478,0,3,4,2,2,3,,,,,,,0,0
BRASOV,0,0.0247315327041979,13,3,1,1,1,3,,,,,,,0,0
VALCEA,0,0.012389446579841,5,1,1,1,2,1,1,1,1,1,1,0,0,0
BUCURESTI,0,0.0127187273323463,30,4,3,1,3,2,1,0,0,0,0,0,0,0
BACAU,0,0.0135384122406473,73,2,1,1,1,2,0,1,1,0,0,0,0,0
BIHOR,0,0.01063079676737,89,4,4,3,3,2,1,1,0,0,1,0,0,0
BUCURESTI,0,0.0127187273323463,10,3,2,1,3,1,1,1,1,1,1,0,0,0
BUCURESTI,0,0.0127187273323463,10,2,1,1,3,3,,,,,,,0,0
BRASOV,0,0.00321409129212436,89,2,4,3,3,2,1,0,0,0,0,0,0,0
DOLJ,0,0.0200611325030765,42,1,1,1,3,2,0,1,1,1,1,0,0,0
BUCURESTI,0,0.0127187273323463,33,2,1,1,3,2,1,0,0,0,0,0,0,0
BUCURESTI,0,0.0127187273323463,20,2,4,3,3,3,,,,,,,0,0
GORJ,0,0.0341109383100052,53,3,4,3,1,2,0,0,0,1,1,1,0,0
HUNEDOARA,0,0.031802686986164,61,1,2,3,3,1,1,1,0,0,1,0,0,0
BUCURESTI,0,0.0127187273323463,5,2,1,3,3,3,,,,,,,0,0
DOLJ,0,0.0200611325030765,67,2,3,2,3,1,0,0,0,0,0,1,0,0
BUCURESTI,0,0.0127187273323463,25,1,2,3,1,2,1,0,0,0,1,0,0,0
MURES,0,0.0225717899335997,23,4,4,1,3,2,0,0,0,0,1,1,0,0
VALCEA,0,0.012389446579841,50,2,1,2,2,4,,,,,,,0,0
HARGHITA,0,0.00847862731778499,33,4,4,3,2,3,,,,,,,0,0
SALAJ,0,0.0130313930673643,2,3,3,1,3,1,1,0,1,1,1,0,0,0
TIMIS,0,0.00720063761371236,25,2,1,2,3,2,1,1,0,1,1,0,0,0
IASI,0,0.0139510397473019,50,1,2,3,3,2,1,1,1,1,1,1,0,0
ARAD,0,0.0577706455993087,6,4,2,3,3,3,,,,,,,0,0
DOLJ,0,0.0200611325030765,35,2,1,1,1,2,1,1,0,1,1,1,0,0
BUCURESTI,0,0.0127187273323463,10,2,1,1,3,2,1,1,0,1,1,1,0,0
TIMIS,0,0.00720063761371236,15,2,2,3,1,2,1,1,1,1,1,0,0,0
CARAS-SEVERIN,0,0.0149858188773828,38,2,3,2,1,3,,,,,,,0,0
BUCURESTI,0,0.0127187273323463,20,2,2,2,1,2,0,1,1,1,0,0,0,0
SIBIU,0,0.00387084962533837,50,1,1,3,2,2,0,0,0,0,0,1,0,0
BRASOV,0,0.00321409129212436,59,1,2,3,1,1,1,1,0,1,1,0,0,0
BUCURESTI,0,0.0127187273323463,50,2,1,3,3,3,,,,,,,0,0
DOLJ,0,0.0200611325030765,15,2,1,3,3,3,,,,,,,0,0
BRASOV,0,0.00321409129212436,12,1,2,1,3,3,,,,,,,0,0
CLUJ,0,0.00995949288436951,30,2,3,3,3,2,1,1,1,1,1,0,0,0
BUCURESTI,0,0.0127187273323463,64,1,2,2,1,2,1,0,1,0,1,1,0,0
IASI,0,0.00461806716354316,89,1,1,2,1,3,,,,,,,0,0
DOLJ,0,0.0200611325030765,17,1,1,1,3,3,,,,,,,0,0
BUCURESTI,0,0.0127187273323463,13,4,4,2,1,2,1,1,0,0,1,0,0,0
SUCEAVA,0,0.00615512118210669,30,2,1,1,1,3,,,,,,,0,0
SATU MARE,0,0.0212688602072351,72,4,1,3,3,2,0,0,0,1,1,0,0,0
BUCURESTI,0,0.0127187273323463,16,4,2,2,2,2,0,1,0,0,0,0,0,0
OLT,0,0.039283705231577,54,3,3,2,2,1,1,0,0,1,1,0,0,0
BRASOV,0,0.00321409129212436,52,2,1,1,1,3,,,,,,,0,0
BUCURESTI,0,0.0127187273323463,33,2,1,3,1,2,1,1,0,0,0,0,0,0
MURES,0,0.0225717899335997,5,2,1,3,1,2,1,1,0,1,1,1,0,0
BUCURESTI,0,0.0127187273323463,38,2,1,3,3,2,1,1,1,1,1,1,0,0
BUCURESTI,0,0.0127187273323463,30,1,3,2,3,3,,,,,,,0,0
BACAU,0,0.00804063913393598,50,1,2,1,1,2,0,1,0,1,0,1,0,0
IASI,0,0.00461806716354316,14,3,3,2,1,1,0,0,0,0,0,1,0,0
MARAMURES,0,0.0242448176799003,9,2,4,3,1,2,1,1,0,1,0,1,0,0
BUCURESTI,0,0.0127187273323463,40,3,3,1,1,3,,,,,,,0,0
DOLJ,0,0.0200611325030765,8,1,2,1,3,2,0,1,0,0,1,1,0,0
BUCURESTI,0,0.0127187273323463,89,4,2,2,1,2,1,1,0,0,1,0,0,0
BISTRITA-NASAUD,0,0.0362945955492759,30,3,4,1,2,1,1,1,0,0,1,0,0,0
BUCURESTI,0,0.0127187273323463,41,4,4,1,1,3,,,,,,,0,0
BUCURESTI,0,0.0127187273323463,60,3,2,2,1,4,,,,,,,0,0
BUCURESTI,0,0.0127187273323463,31,1,1,3,3,3,,,,,,,0,0
BUCURESTI,0,0.0127187273323463,21,2,2,3,1,3,,,,,,,0,0
BUCURESTI,0,0.0127187273323463,50,1,2,1,1,2,1,0,0,0,0,0,0,0
BUCURESTI,0,0.0127187273323463,60,1,2,1,3,2,1,0,0,0,1,1,0,0
BUCURESTI,0,0.0127187273323463,5,1,2,1,3,1,1,0,0,0,0,0,0,0
BUCURESTI,0,0.0127187273323463,22,2,1,3,1,2,1,0,0,0,0,0,0,0
VALCEA,0,0.012389446579841,31,4,4,1,2,3,,,,,,,0,0
BUCURESTI,0,0.0127187273323463,20,2,2,3,3,3,,,,,,,0,0
BIHOR,0,0.01063079676737,1,1,1,2,3,3,,,,,,,0,0
BUCURESTI,0,0.0127187273323463,41,3,3,2,1,3,,,,,,,0,0
BUCURESTI,0,0.0127187273323463,48,1,4,2,2,3,,,,,,,0,0
BIHOR,0,0.01063079676737,50,3,2,1,3,2,1,0,0,0,0,0,0,0
GORJ,0,0.0140579101972304,15,2,1,1,3,2,1,1,0,1,0,0,0,0
BUCURESTI,0,0.0127187273323463,48,1,2,3,3,3,,,,,,,0,0
BUCURESTI,0,0.0127187273323463,41,4,2,1,1,3,,,,,,,0,0
BUCURESTI,0,0.0127187273323463,5,2,1,2,1,3,,,,,,,0,0
BUCURESTI,0,0.0127187273323463,51,2,4,1,1,1,0,1,0,0,1,1,0,0
BUCURESTI,0,0.0127187273323463,70,3,2,2,1,3,,,,,,,0,0
BUCURESTI,0,0.0127187273323463,40,3,3,1,1,2,1,0,0,0,1,1,0,0
GORJ,0,0.0311957209409329,11,1,3,2,3,4,,,,,,,0,0
BUCURESTI,0,0.0127187273323463,10,4,2,2,3,2,0,1,0,0,1,0,0,0
VALCEA,0,0.012389446579841,35,4,3,2,3,2,1,0,0,0,1,0,0,0
BUCURESTI,0,0.0127187273323463,20,1,4,3,3,4,,,,,,,0,0
BUCURESTI,0,0.0127187273323463,5,2,1,3,3,3,,,,,,,0,0
MARAMURES,0,0.0242448176799003,25,4,4,1,3,3,,,,,,,0,0
BUCURESTI,0,0.0127187273323463,65,4,4,1,3,2,1,0,0,0,0,0,0,0
BUCURESTI,0,0.0127187273323463,40,1,2,1,1,2,1,1,1,1,1,0,0,0
BUCURESTI,0,0.0127187273323463,5,1,2,1,2,2,0,0,1,0,1,0,0,0
BOTOSANI,0,0.0141886119674628,15,2,4,1,3,2,0,1,0,1,1,0,0,0
BIHOR,0,0.0228043828911508,40,4,4,1,2,1,0,0,1,0,1,0,0,0
BIHOR,0,0.0228043828911508,5,1,1,1,1,1,1,1,0,1,1,1,0,0
BUCURESTI,0,0.0127187273323463,30,2,1,3,3,2,0,1,0,0,0,0,0,0
BUCURESTI,0,0.0127187273323463,50,2,1,3,1,1,1,1,0,1,1,0,0,0
MEHEDINTI,0,0.00573493437814026,54,1,3,1,3,2,1,0,0,0,1,0,0,0
DOLJ,0,0.0200611325030765,15,2,1,3,1,3,,,,,,,0,0
BUCURESTI,0,0.0127187273323463,9,2,4,3,3,3,,,,,,,0,0
CLUJ,0,0.00995949288436951,26,2,1,2,2,2,1,1,0,1,1,0,0,0
BUCURESTI,0,0.0127187273323463,10,2,1,1,3,2,1,0,0,0,0,0,0,0
BACAU,0,0.0729450499545867,13,3,2,1,1,3,,,,,,,0,0
BUCURESTI,0,0.0127187273323463,25,3,3,3,3,2,0,0,0,0,1,0,0,0
BUCURESTI,0,0.0127187273323463,9,3,2,1,1,3,,,,,,,0,0
NEAMT,0,0.0165117658690923,14,4,4,3,1,3,,,,,,,0,0
BUCURESTI,0,0.0127187273323463,45,4,2,1,1,2,0,0,0,0,1,1,0,0
BUCURESTI,0,0.0127187273323463,27,1,2,1,3,2,0,1,0,0,1,0,0,0
BUCURESTI,0,0.0127187273323463,91,1,1,1,1,1,1,1,0,1,0,0,0,0
CLUJ,0,0.00995949288436951,62,3,3,3,1,3,,,,,,,1,1
BUCURESTI,0,0.0127187273323463,30,2,1,1,1,1,1,1,0,0,1,0,0,0
BUCURESTI,0,0.0127187273323463,2,1,2,3,1,1,1,1,0,0,1,0,0,0
BUCURESTI,0,0.0127187273323463,5,1,2,1,2,4,,,,,,,0,0
BUCURESTI,0,0.0127187273323463,85,2,1,2,1,2,1,1,0,0,1,0,0,0
BUCURESTI,0,0.0127187273323463,29,2,2,2,1,1,1,1,1,0,1,1,0,0
BUCURESTI,0,0.0127187273323463,8,2,1,1,3,3,,,,,,,0,0
BOTOSANI,0,0.00162700833841773,47,2,4,1,1,3,,,,,,,0,0
BACAU,0,0.0307762766201053,41,4,1,3,3,3,,,,,,,0,0
BUCURESTI,0,0.0127187273323463,17,2,1,2,1,3,,,,,,,0,0
BUCURESTI,0,0.0127187273323463,84,4,4,1,2,3,,,,,,,0,0
BUCURESTI,0,0.0127187273323463,25,4,4,1,4,2,1,1,1,1,1,1,0,0
SATU MARE,0,0.0118774264346511,21,4,2,1,1,2,1,1,1,1,1,1,0,0
DOLJ,0,0.0200611325030765,10,4,4,1,1,2,0,0,0,0,1,0,0,0
CLUJ,0,0.00995949288436951,25,1,2,1,3,3,,,,,,,0,0
BUCURESTI,0,0.0127187273323463,50,3,3,1,2,2,1,0,1,0,1,0,0,0
MEHEDINTI,0,0.00573493437814026,21,3,3,3,3,4,,,,,,,0,0
BUCURESTI,0,0.0127187273323463,40,1,2,1,3,2,1,1,1,0,0,0,0,0
OLT,0,0.039283705231577,70,2,1,3,1,3,,,,,,,0,0
GORJ,0,0.0311957209409329,20,1,4,1,1,3,,,,,,,0,0
GORJ,0,0.0311957209409329,5,4,2,1,1,2,1,0,0,0,1,0,0,0
PRAHOVA,0,0.018405081957915,73,3,1,3,2,1,0,0,0,0,0,1,0,0
CLUJ,0,0.00995949288436951,42,4,2,1,3,3,,,,,,,0,1
GORJ,0,0.0311957209409329,92,3,3,3,1,2,0,0,0,0,1,0,0,0
GORJ,0,0.0311957209409329,33,3,2,1,3,3,,,,,,,0,0
BIHOR,0,0.01063079676737,18,4,4,2,1,3,,,,,,,0,0
DOLJ,0,0.0200611325030765,89,3,3,3,3,3,,,,,,,0,0
BUCURESTI,0,0.0127187273323463,15,2,1,1,3,1,1,0,0,1,1,0,0,0
IASI,0,0.00461806716354316,36,3,1,1,3,1,0,1,1,1,1,1,0,0
BUCURESTI,0,0.0127187273323463,15,2,3,1,3,2,1,1,0,0,1,0,0,0
OLT,0,0.039283705231577,11,4,2,1,1,3,,,,,,,0,0
VALCEA,0,0.012389446579841,28,4,4,2,1,3,,,,,,,0,0
BUCURESTI,0,0.0127187273323463,18,4,3,2,1,3,,,,,,,0,0
BUCURESTI,0,0.0127187273323463,89,1,2,1,1,2,1,0,0,0,0,0,0,0
TELEORMAN,0,0.0167676628563559,3,2,1,3,3,2,1,0,0,0,1,0,0,0
BUCURESTI,0,0.0127187273323463,75,4,2,1,1,2,0,1,0,0,1,0,0,0
BUCURESTI,0,0.0127187273323463,0,2,1,3,1,4,,,,,,,1,1
DOLJ,0,0.0200611325030765,62,4,2,1,1,2,0,0,1,1,1,0,0,0
GORJ,0,0.0311957209409329,8,4,1,1,3,3,,,,,,,0,0
SATU MARE,0,0.105605109569431,81,3,3,1,3,2,0,0,0,1,0,0,0,0
BUCURESTI,0,0.0127187273323463,57,1,2,3,3,2,1,1,0,0,1,0,0,0
PRAHOVA,0,0.023673371271132,70,2,1,3,3,1,1,1,0,0,0,0,0,0
DAMBOVITA,0,0.033276736029348,70,2,4,1,3,2,1,1,1,1,1,1,0,0
GIURGIU,0,0.0456301951073327,15,2,1,3,3,3,,,,,,,0,0
CLUJ,0,0.0328575874794362,40,2,1,1,1,3,,,,,,,0,0
SUCEAVA,0,0.00615512118210669,61,1,2,1,4,3,,,,,,,0,0
BOTOSANI,0,0.0113163348049374,22,2,1,3,2,2,1,0,0,0,0,0,0,0
VASLUI,0,0.0130322995339868,5,2,1,2,2,3,,,,,,,0,0
