cod_sc,sort,den_sc
1,1,"Invatamant superior tehnic de lunga durata - Mine"
2,2,"Invatamant superior tehnic de lunga durata - Petrol si ge"
3,3,"Invatamant superior tehnic de lunga durata - Energie electrica si electrotehnica"
4,4,"Invatamant superior tehnic e lunga durata - Metalurgie"
5,5,"Invatamant superior tehnic de lunga durata - Constructii de masini profil electric"
6,6,"Invatamant superior tehnic de lunga durata - Constructii de masini profil electromecanic"
7,7,"Invatamant superior tehnic de lunga durata - Constructii de masini profil electromecanic  mecatronica si robotica"
8,8,"Invatamant superior tehnic de lunga durata - Constructii de masini profil mecanic si alte profiluri tehnice"
9,9,"Invatamant superior tehnic de lunga durata - Tehnologie chimica"
10,10,"Invatamant superio tehnicr de lunga durata - Industria lemnului si materialelor de constructii"
11,11,"Invatamant superior tehnic de lunga durata - Industria usoara"
12,12,"Invatamant superior tehnic de lunga durata - Industria alimentara"
13,13,"Invatamant superio tehnicr de lunga durata - Inginerie economica si management"
14,14,"Invatamant superior tehnic de lunga durata - Ingineria mediului"
15,15,"Invatamant superior tehnic de lunga durata - Calculatoare si tehnologia informatiei"
16,16,"Invatamant superio tehnicr de lunga durata - Constructii si geodezie"
17,17,"Invatamant superior tehnic de lunga durata - Arhitectura si urbanism"
18,18,"Invatamant superior tehnic de lunga durata - Agricol"
19,19,"Invatamant superior tehnic de lunga durata - Zootehnic"
20,20,"Invatamant superior tehnic de lunga durata - Medicina veterinara"
21,21,"Invatamant superior tehnic de lunga durata - Silvicultura"
22,22,"Invatamant superior tehnic de lunga durata - Transporturi si telecomunicatii"
23,23,"Invatamant superio tehnicr de lunga durata - Alte specialitati tehnice"
24,24,"Invatamant superior universitar de lunga durata - Matematica, chimie, fizica, informatica"
25,25,"Invatamant superio universitarr de lunga durata - Biologie, geografie, geologie, stiinta mediului"
26,26,"Invatamant superior universitar de lunga durata - Filologie, filosofie, istorie, limbi moderne aplicate, studii culturale"
27,27,"Invatamant superior universitar de lunga durata - Sociologie, psihologie, asistenta sociala"
28,28,"Invatamant superior universitar de lunga durata - Stiinte politice si administrative, relatii internationale si studii europene, stiinte ale comunicarii (jurnalism)"
29,29,"Invatamant superior universitar de lunga durata - Educatie fizica si sport"
30,30,"Invatamant superio universitarr de lunga durata - Pedagogie (Stiinte ale educatiei)"
31,31,"Invatamant superior universitar de lunga durata - Teologie"
32,32,"Invatamant superior de lunga durata - Stiinte economice"
33,33,"Invatamant superior de lunga durata  - Stiinte juridice"
34,34,"Invatamant superior de lunga durata - Medico-farmaceutic  Farmaceutic"
35,35,"Invatamant superior de lunga durata- Medico-farmaceutic  Medicina generala"
36,36,"Invatamant superior de lunga durata- Medico-farmaceutic  Stomatologie (medicina dentara)"
37,37,"Invatamant superior artistic de lunga durata - Arte plastice si decorative"
38,38,"Invatamant superior artistic de lunga durata - Muzica"
39,39,"Invatamant superior artistic de lunga durata - Arta teatrala"
40,40,"Invatamant superio artisticr de lunga durata - Cinematografie si media"
41,41,"Invatamant superior de scurta durata - Mine, petrol, geologie, tehnologie chimica"
42,42,"Invatamant superior de scurta durata - Energie electrica si electrotehnica"
43,43,"Invatamant superior de scurta durata - Metalurgie si constructii de masini"
44,44,"Invatamant superior de scurta durata - Industria lemnului si materialelor de constructii, industria usoara, industria alimentara, transporturi si telecomunicatii, alte specialitati tehnice"
45,45,"Invatamant superior de scurta durata  - Arhitectura si constructii"
46,46,"Invatamant superior de scurta durata - Agricultura si silvicultura"
47,47,"Invatamant superior de scurta durata - Stiinte politice si administrative"
48,48,"Invatamant superior de scurta durata - Educatie fizica si sport"
49,49,"Invatamant superior de scurta durata - Stiinte economice"
50,50,"Invatamant superior de scurta durata - Stiinte juridice (inclusiv servicii de securitate)"
51,51,"Invatamant superior de scurta durata - Medico-farmaceutice"
52,52,"Invatamant superior de scurta durata - Artisic"
53,53,"Institutii de invatamant postliceal si de maistri - Scoli postliceale si de maistri cu profil industrial"
54,54,"Institutii de invatamant postliceal si de maistri - Scoli postliceale si de maistri cu profilde constructii si arhitectura"
55,55,"Institutii de invatamant postliceal si de maistri - Scoli postliceale si de maistri cu profil agricol"
56,56,"Institutii de invatamant postliceal si de maistri - Scoli postliceale cu profil silvic"
57,57,"Institutii de invatamant postliceal si de maistri -Scoli postliceale si de maistri cu profil de transporturi si telecomunicatii"
58,58,"Institutii de invatamant postliceal si de maistri - Alte scoli postliceale si de maistri cu profil tehnic"
59,59,"Institutii de invatamant postliceal si de maistri - Scoli postliceale cu profil de informatica"
60,60,"Institutii de invatamant postliceal si de maistri - Scoli postliceale cu profil economic-administrativ, comert, cooperatie, servicii"
61,61,"Institutii de invatamant postliceal si de maistri - Scoli postliceale cu profil pedagogic"
62,62,"Institutii de invatamant postliceal si de maistri - Scoli postliceale cu profil sanitar"
63,63,"Institutii de invatamant postliceal si de maistri - Scoli postliceale cu profil artistic si educatie fizica si sport"
64,64,"Institutii de invatamant postliceal si de maistri - Seminarii teologice postliceale"
65,65,"Institutii de invatamant postliceal si de maistri - Alte profiluri nespecificate"
66,66,"Invatamant secundar - Invatamant liceal cu profil teoretic"
67,67,"Invatamant secundar - Invatamant liceal cu profil de informatica"
68,68,"Invatamant secundar - Licee cu profil tehnologic - industriale (inclusuv metrologie)"
69,69,"Invatamant secundar - Licee de constructii si arhitectura"
70,70,"Invatamant secundar - Licee de transporturi si telecomunicatii"
71,71,"Invatamant secundar - Alte licee cu profil tehnic"
72,72,"Invatamant secundar - Licee cu profil agromontan"
73,73,"Invatamant secundar - Licee cu profil de agricultura, piscicultura si veterinar"
74,74,"Invatamant secundar - Licee cu profil silvic"
75,75,"Invatamant secundar - Licee cu profil economic, administrativ, juridic, comert, cooperatie, finante, statistica si servicii"
76,76,"Invatamant secundar - Licee si scoli cu alte profiluri tehnologice"
77,77,"Invatamant secundar - Licee cu profil sportiv"
78,78,"Invatamant secundar - Licee cu profil de arta (Arta plastica,muzica si coregrafie)"
79,79,"Invatamant secundar - Licee si scoli cu profil pedagogic"
80,80,"Invatamant secundar - Licee si scoli cu profil militar"
81,81,"Invatamant secundar - Profil teologic"
82,82,"Invatamant secundar - Profil sanitar"
83,83,"Invatamant secundar - Alte profiluri vocationale"
84,84,"Invatamant secundar - Scoli profesionale si de ucenici industriale"
85,85,"Invatamant secundar- Scoli profesionale si de ucenici de constructii"
86,86,"Invatamant secundar- Scoli profesionale si de ucenici ide agricultura"
87,87,"Invatamant secundar- Scoli profesionale si de ucenici silvice"
88,88,"Invatamant secundar- Scoli profesionale si de ucenici ide transporturi si telecomunicatii"
89,89,"Invatamant secundar- Scoli profesionale si de ucenici economice, administrative, comert, cooperatie si servicii"
90,90,"Invatamant secundar- Scoli profesionale sanitare"
91,91,"Invatamant secundar- Scoli profesionale de arta"
92,92,"Invatamant secundar- Alte scoli profesionale"
93,93,"Invatamant secundar - Invatamant gimnazial general de masa"
94,94,"Institutii de invatamant primar"
95,95,"Cursuri de alfabetizare"
96,96,"Citeste si scrie"
97,97,"Citeste numai"
98,98,"Nu stie sa scrie si sa citeasca"
99,99,"Nedeclarat"
