cod_ocup,sort,den_ocup
1111,1,"Legislatori, membri ai executivului"
1112,2,"Inalti conducatori ai administratiei publice"
1113,3,"Conducatori si membri ai consiliilor locale"
1114,4,"Conducatori si alti functionari superiori din organizatiile specializate"
1120,5,"Directori generali, directori executivi si asimilati"
1211,6,"Conducatori in domeniul financiar"
1212,7,"Conducatori in domeniul resurselor umane"
1213,8,"Conducatori in domeniul politicilor economice si al planificarii"
1219,9,"Directori de intreprinderi si conducatori din domeniul administrativ neclasificati in grupele de baza anterioare"
1221,10,"Conducatori in domeniul vanzari si marketing"
1222,11,"Conducatori in domeniul publicitatii si relatiilor publice"
1223,12,"Conducatori in domeniul cercetarii si dezvoltarii"
1311,13,"Conducatori de unitati din agricultura si silvicultura"
1312,14,"Conducatori de unitati  din domeniul acvaculturii si pescuitului"
1321,15,"Conducatori de unitati  din industria prelucratoare"
1322,16,"Conducatori de unitati  din industria extractiva"
1323,17,"Conducatori de unitati  din domeniul constructiilor"
1324,18,"Conducatori de unitati   din domeniul aprovizionarii si desfacerii de marfuri"
1330,19,"Conducatori in servicii de tehnologia informatiei si comunicatiilor"
1341,20,"Conducatori de unitati  din domeniul ingrijirii copilului"
1342,21,"Conducatori de unitati  din domeniul sanatatii"
1343,22,"Conducatori de unitati  din domeniul ingrijirii persoanelor in varsta"
1344,23,"Conducatori de unitati din domeniul asistentei sociale"
1345,24,"Conducatori de unitati  de invatamant"
1346,25,"Conducatori de unitati  furnizoare de servicii financiare si de asigurari"
1349,26,"Conducatori de unitati de prestari servicii neclasificati in grupele de baza anterioare"
1411,27,"Conducatori de unitati hoteliere"
1412,28,"Conducatori de restaurante"
1420,29,"Conducatori de unitati din domeniul comertului"
1431,30,"Conducatori de centre sportive, recreative si culturale"
1439,31,"Conducatori ai altor tipuri de unitati de servicii neclasificati in grupele de baza anterioare"
2111,32,"Fizicieni si astronomi"
2112,33,"Meteorologi"
2113,34,"Chimisti"
2114,35,"Geologi si geofizicieni"
2120,36,"Matematicieni, actuari si statisticieni"
2131,37,"Biologi, botanisti, zoologi si asimilati"
2132,38,"Consultanti in agricultura, silvicultura si pescuit"
2133,39,"Specialisti in domeniul protectiei mediului"
2141,40,"Ingineri tehnologi si de productie"
2142,41,"Ingineri constructori"
2143,42,"Ingineri in domeniul protectiei mediului"
2144,43,"Ingineri mecanici"
2145,44,"Ingineri chimisti"
2146,45,"Ingineri mineri, petrolisti, metalurgisti si asimilati"
2149,46,"Ingineri si asimilati neclasificati in grupele de baza anterioare"
2151,47,"Ingineri electricieni"
2152,48,"Ingineri electronisti"
2153,49,"Ingineri in domeniul telecomunicatiilor"
2161,50,"Arhitecti constructori"
2162,51,"Arhitecti in domeniul peisagistic"
2163,52,"Designeri produse si imbracaminte"
2164,53,"Proiectanti in domeniul urbanismului si de sistematizare a traficului"
2165,54,"Cartografi si topografi"
2166,55,"Designeri grafica si multimedia"
2211,56,"Medici de medicina de familie/medicina generala"
2212,57,"Medici specialisti"
2221,58,"Asistenti medicali generalisti"
2222,59,"Moase"
2230,60,"Practicieni de medicina complementara/alternativa"
2240,61,"Paramedici"
2250,62,"Medici veterinari"
2261,63,"Medici dentisti"
2262,64,"Farmacisti"
2263,65,"Specialisti in domeniul mediului si al igienei si sanatatii ocupationale"
2264,66,"Fizioterapeuti"
2265,67,"Dieteticieni si nutritionisti"
2266,68,"Audiologi si specialisti in logopedie"
2267,69,"Optometricieni si opticieni"
2269,70,"Specialisti in domeniul sanatatii neclasificati in grupele de baza anterioare"
2310,71,"Profesori universitari si asimilati"
2320,72,"Profesori in invatamantul profesional"
2330,73,"Profesori in invatamantul secundar"
2341,74,"Profesori in invatamantul primar"
2342,75,"Educatori in invatamantul prescolar"
2351,76,"Specialisti in metodologie didactica"
2352,77,"Instructori-formatori pentru elevi cu nevoi speciale"
2353,78,"Alti instructori-formatori de limbi straine"
2354,79,"Alti instructori-formatori de muzica"
2355,80,"Alti instructori-formatori de arta"
2356,81,"Instructori-formatori in tehnologia informatiei"
2359,82,"Specialisti in invatamant neclasificati in grupele de baza anterioare"
2411,83,"Contabili"
2412,84,"Specialisti consultanti in domeniul financiar si al investitiilor"
2413,85,"Analisti financiari"
2421,86,"Analisti de management si organizare"
2422,87,"Specialisti in domeniul politicilor administrative"
2423,88,"Specialisti in domeniul resurselor umane si de personal"
2424,89,"Specialisti in formarea si dezvoltarea personalului"
2431,90,"Specialisti in publicitate si marketing"
2432,91,"Specialisti in relatii publice"
2433,92,"Specialisti in vanzarea de produse tehnice si medicale (exclusiv TIC)"
2434,93,"Specialisti in vanzarea produselor de tehnologia informatiei si comunicatiilor"
2511,94,"Analisti de sistem"
2512,95,"Proiectanti de software"
2513,96,"Proiectanti de sisteme web si multimedia"
2514,97,"Programatori de aplicatii"
2519,98,"Analisti programatori in domeniul software neclasificati in grupele de baza anterioare"
2521,99,"Designeri si administratori de baze de date"
2522,100,"Administratori de sistem"
2523,101,"Specialisti in retele de calculatoare"
2529,102,"Specialisti in baze de date si retele neclasificati in grupele de baza anterioare"
2611,103,"Avocati"
2612,104,"Magistrati (judecatori, procurori)"
2619,105,"Specialisti in domeniul juridic neclasificati in grupele de baza anterioare"
2621,106,"Arhivari si curatori"
2622,107,"Bibliotecari si specialisti in alte servicii de informare"
2631,108,"Economisti"
2632,109,"Sociologi, antropologi si asimilati"
2633,110,"Filozofi, istorici si specialisti in stiinte politice"
2634,111,"Psihologi"
2635,112,"Specialisti in asistenta sociala si consiliere"
2636,113,"Specialisti in religie"
2641,114,"Autori si asimilati"
2642,115,"Jurnalisti"
2643,116,"Traducatori, interpreti si alti lingvisti"
2651,117,"Specialisti in arte vizuale"
2652,118,"Muzicieni, cantareti si compozitori"
2653,119,"Dansatori si coregrafi"
2654,120,"Regizori si producatori de film, teatru si alte spectacole"
2655,121,"Actori"
2656,122,"Crainici la radio, televiziune si alte mijloace de comunicare"
2659,123,"Artisti creatori si actori neclasificati in grupele de baza anterioare"
3111,124,"Tehnicieni in domeniul chimiei si fizicii"
3112,125,"Tehnicieni constructori"
3113,126,"Tehnicieni electricieni si energeticieni"
3114,127,"Tehnicieni in electronica"
3115,128,"Tehnicieni mecanici"
3116,129,"Tehnicieni in chimie industriala si petrochimie"
3117,130,"Tehnicieni mineri si metalurgisti"
3118,131,"Tehnicieni proiectanti"
3119,132,"Tehnicieni in stiinte ingineresti neclasificati in grupele de baza anterioare"
3121,133,"Controlori-supraveghetori in industria extractiva"
3122,134,"Controlori-supraveghetori in industria prelucratoare"
3123,135,"Controlori-supraveghetori in constructii"
3131,136,"Operatori in centralele de producere a energiei electrice"
3132,137,"Operatori incineratoare si uzine de tratare a apei"
3133,138,"Controlori uzine de prelucrare chimica"
3134,139,"Operatori in uzine de rafinare a titeiului si gazelor naturale"
3135,140,"Controlori in procesul de productie metalurgica"
3139,141,"Tehnicieni controlori de procese industriale neclasificati in grupele de baza anterioare"
3141,142,"Tehnicieni in stiintele vietii (exclusiv cei din medicina)"
3142,143,"Tehnicieni in domeniul agriculturii"
3143,144,"Tehnicieni in domeniul silviculturii"
3151,145,"Mecanici navali"
3152,146,"Ofiteri de punte si pilotaj nave"
3153,147,"Piloti de avioane si alti specialisti asimilati"
3154,148,"Controlori de trafic aerian"
3155,149,"Tehnicieni pentru siguranta traficului aerian"
3211,150,"Tehnicieni specialisti in echipamente medicale de imagistica si tratament"
3212,151,"Tehnicieni in laboratoare medicale si de patologie"
3213,152,"Tehnicieni si asistenti de farmacie"
3214,153,"Tehnicieni de protetica medicala si dentara"
3221,154,"Surori medicale"
3222,155,"Surori puericultoare"
3230,156,"Practicieni asociati in domeniul medicinii complementare/alternative"
3240,157,"Tehnicieni si asistenti veterinari"
3251,158,"Asistenti si terapeuti in stomatologie"
3252,159,"Tehnicieni fise medicale si informatii privind starea de sanatate"
3253,160,"Lucratori in domeniul sanatatii publice"
3254,161,"Tehnicieni in optica medicala"
3255,162,"Tehnicieni si asistenti in fizioterapie"
3256,163,"Personal auxiliar de ingrijire de sanatate"
3257,164,"Inspectori in domeniul protectiei mediului si sanatatii ocupationale, asimilati"
3258,165,"Lucratori pe ambulanta"
3259,166,"Alti specialisti in domeniul sanatatii, asimilati, neclasificati in grupele de baza anterioare"
3311,167,"Agenti si brokeri in domeniul financiar si bancar"
3312,168,"Ofiteri de credite"
3313,169,"Specialisti in contabilitate si asimilati"
3314,170,"Specialisti statisticieni, matematicieni si alti specialisti asimilati"
3315,171,"Evaluatori asigurari"
3321,172,"Agenti de asigurari"
3322,173,"Agenti de vanzari"
3323,174,"Agenti contractari si achizitii"
3324,175,"Brokeri comerciali"
3331,176,"Agenti concesionari"
3332,177,"Organizatori de conferinte si evenimente"
3333,178,"Agenti de recrutare si contractori"
3334,179,"Agenti si administratori imobiliari"
3339,180,"Agenti de servicii comerciale neclasificati in grupele de baza anterioare"
3341,181,"Coordonatori in domeniul administrativ"
3342,182,"Secretari in domeniul serviciilor juridice"
3343,183,"Secretari executivi in domeniul administrativ"
3344,184,"Secretari in domeniul medical"
3351,185,"Inspectori de vama si frontiera"
3352,186,"Inspectori fiscali"
3353,187,"Inspectori de asigurari sociale"
3354,188,"Inspectori guvernamentali in licente, permise si autorizatii"
3355,189,"Inspectori de politie si detectivi"
3359,190,"Specialisti guvernamentali cu functii de reglementare si asimilati neclasificati in grupele de baza anterioare"
3411,191,"Specialisti in domeniul juridic si asimilati"
3412,192,"Specialisti in asistenta sociala si asimilati"
3413,193,"Specialisti in domeniul religiei si asimilati"
3421,194,"Atleti si sportivi"
3422,195,"Antrenori, instructori si functionari din domeniul sportului"
3423,196,"Instructori si coordonatori de programe de pregatire fizica si activitati recreative"
3431,197,"Fotografi"
3432,198,"Designeri de interior si decoratori"
3433,199,"Tehnicieni in domeniul artei (expozitii, muzee si biblioteci)"
3434,200,"Bucatari sefi"
3435,201,"Alti specialisti asimilati din domeniul artistic si cultural"
3511,202,"Tehnicieni pentru operatiuni in domeniul tehnologiei informatiei si comunicatiilor"
3512,203,"Tehnicieni pentru asigurarea suportului tehnic pentru utilizatori"
3513,204,"Tehnicieni retele de calculatoare si sisteme"
3514,205,"Tehnicieni web"
3521,206,"Tehnicieni in radiodifuziune si televiziune"
3522,207,"Tehnicieni in transporturi, posta si telecomunicatii"
4110,208,"Functionari cu atributii generale"
4120,209,"Secretari"
4131,210,"Dactilografi si operatori la prelucrarea textelor"
4132,211,"Operatori introducere date"
4211,212,"Casieri de banca si asimilati"
4212,213,"Agenti de pariuri, crupieri si alti lucratori asimilati"
4213,214,"Agenti la case de amanet si birouri de imprumut nebancare"
4214,215,"Agenti de colectare a creantelor si asimilati"
4221,216,"Consultanti si functionari in agentiile de voiaj"
4222,217,"Functionari in centrele de informare"
4223,218,"Operatori centrale telefonice"
4224,219,"Receptioneri in domeniul hotelier"
4225,220,"Functionari in birouri de informati"
4226,221,"Receptioneri (exclusiv in domeniul hotelier)"
4227,222,"Operatori de interviu pentru sondaje si cercetare de piata"
4229,223,"Agenti in centre de informare neclasificati in grupele de baza anterioare"
4311,224,"Functionari in servicii de evidenta contabila"
4312,225,"Functionari in domeniul statistic, financiar si asigurari"
4313,226,"Functionari in domeniul salarizarii"
4321,227,"Functionari in evidenta stocurilor"
4322,228,"Functionari de planificare si urmarire a productiei"
4323,229,"Functionari in transporturi"
4411,230,"Functionari biblioteca"
4412,231,"Curieri si sortatori corespondenta"
4413,232,"Codificatori, corectori si asimilati"
4414,233,"Copisti si functionari asimilati"
4415,234,"Functionari pentru activitati de secretariat"
4416,235,"Functionari in domeniul resurselor umane"
4419,236,"Lucratori in servicii suport neclasificati in grupele de baza anterioare"
5111,237,"Insotitori de zbor si stewarzi"
5112,238,"Conductori in transporturi"
5113,239,"Ghizi"
5120,240,"Bucatari"
5131,241,"Chelneri"
5132,242,"Barmani"
5141,243,"Coafori"
5142,244,"Cosmeticieni si asimilati"
5151,245,"Personal de supraveghere inclusiv pentru activitati de curatenie si intretinere in birouri, hoteluri si alte institutii"
5152,246,"Administratori in gospodarii individuale"
5153,247,"Administratori de cladiri"
5161,248,"Astrologi, prezicatori si asimilati"
5162,249,"Insotitori si valeti"
5163,250,"Agenti de pompe funebre si imbalsamatori"
5164,251,"Ingrijitori animale inclusiv animale de companie"
5165,252,"Instructori conducere auto"
5169,253,"Lucratori in domeniul serviciilor personale neclasificati in grupele de baza anterioare"
5211,254,"Vanzatori la standuri si in piete"
5212,255,"Vanzatori stradali de produse alimentare"
5221,256,"Vanzatori in magazine"
5222,257,"Supraveghetori in magazine"
5223,258,"Asistenti vanzari in magazine"
5230,259,"Casieri si vanzatori de bilete"
5241,260,"Manechine si asimilati"
5242,261,"Prezentatori produse"
5243,262,"Vanzatori la domiciliu"
5244,263,"Vanzatori in case de comenzi"
5245,264,"Lucratori in benzinarii"
5246,265,"Lucratori in unitati de alimentatie publica"
5249,266,"Lucratori in domeniul vanzarilor neclasificati in grupele de baza anterioare"
5311,267,"Personal de ingrijire copii"
5312,268,"Personal in domeniul serviciilor suport pentru invatamantul prescolar, primar si gimnazial"
5321,269,"Ingrijitori in domeniul sanatatii"
5322,270,"Ingrijitori la domiciliu"
5329,271,"Personal de ingrijire in domeniul sanatatii neclasificat in grupele de baza anterioare"
5411,272,"Pompieri"
5412,273,"Politisti"
5413,274,"Gardieni de inchisoare"
5414,275,"Paznici"
5419,276,"Lucratori in servicii de protectie civila neclasificati in grupele de baza anterioare"
6111,277,"Agricultori si lucratori calificati in culturi de camp si legumicultura"
6112,278,"Arboricultori si pomicultori"
6113,279,"Agricultori si lucratori calificati in gradinarit, horticultura si pepiniere"
6114,280,"Agricultori si lucratori calificati in culturi vegetale mixte"
6121,281,"Crescatori de animale pentru productia de lapte si carne"
6122,282,"Crescatori de pasari"
6123,283,"Apicultori si sericicultori"
6129,284,"Crescatori de animale neclasificati in grupele de baza anterioare"
6130,285,"Agricultori si lucratori calificati in culturi vegetale si crescatori de animale"
6210,286,"Lucratori forestieri si asimilati"
6221,287,"Lucratori in culturi acvatice"
6222,288,"Pescari pe cursuri de ape interioare si in zone costiere"
6223,289,"Pescari in mari si oceane"
6224,290,"Lucratori in domeniul vanatorii"
6310,291,"Fermieri a caror productie este destinata consumului propriu"
6320,292,"Crescatori de animale a caror productie este destinata consumului propriu"
6330,293,"Lucratori in ferme mixte a caror productie este destinata consumului propriu"
6340,294,"Pescari si vanatori a caror productie este destinata consumului propriu (inclusiv culegatori de produse agricole din flora spontana)"
7111,295,"Constructori de case"
7112,296,"Zidari si asimilati"
7113,297,"Spargatori, taietori si cioplitori in piatra"
7114,298,"Muncitori constructori in lucrari de beton si asimilati"
7115,299,"Dulgheri si tamplari"
7119,300,"Muncitori constructori si asimilati neclasificati in grupele de baza anterioare"
7121,301,"Constructori de acoperisuri"
7122,302,"Parchetari, linolisti, mozaicari, faiantari si asimilati"
7123,303,"Ipsosari"
7124,304,"Montatori izolatii"
7125,305,"Geamgii"
7126,306,"Instalatori si montatori de tevi"
7127,307,"Mecanici pentru instalatii de climatizare si refrigerare"
7131,308,"Zugravi si asimilati"
7132,309,"Vopsitori, lacuitori si asimilati"
7133,310,"Curatitori de fatade"
7211,311,"Formatori si miezuitori"
7212,312,"Sudori si debitatori autogen"
7213,313,"Tinichigii - cazangii"
7214,314,"Constructori si montatori de structuri metalice"
7215,315,"Macaragii si alti lucratori la instalatii de ridicat"
7221,316,"Forjori, fierari si matriteri"
7222,317,"Lacatusi si asimilati"
7223,318,"Reglori si operatori de masini unelte"
7224,319,"Operatori pe masini de polizat, rectificat si ascutit"
7231,320,"Mecanici de autovehicule"
7232,321,"Mecanici de motoare de avioane"
7233,322,"Mecanici de masini agricole si industriale"
7234,323,"Lucratori specializati in repararea de biciclete si asimilati"
7311,324,"Muncitori calificati in fabricarea/repararea instrumentelor si aparatelor de precizie"
7312,325,"Muncitori calificati in fabricarea/acordarea instrumentelor muzicale"
7313,326,"Giuvaergii si lucratori in metale pretioase"
7314,327,"Olari si lucratori asimilati"
7315,328,"Sticlari (suflatori, slefuitori, taietori de sticla etc.)"
7316,329,"Pictori decoratori, gravori pe sticla si ceramica"
7317,330,"Muncitori calificati in executarea de produse artizanale din lemn si alte materiale"
7318,331,"Muncitori calificati in executarea de produse artizanale din textile, piele si materiale similare"
7319,332,"Muncitori calificati in domeniul produselor manufacturiere neclasificati in grupele baza anterioare"
7321,333,"Zetari si linotipisti"
7322,334,"Tipografi"
7323,335,"Legatori si lucratori finisare"
7411,336,"Electricieni constructii si asimilati"
7412,337,"Mecanici si instalatori de echipamente electrice"
7413,338,"Montatori de linii electrice"
7421,339,"Mecanici de echipamente electronice"
7422,340,"Muncitori in tehnologia informatiei si comunicatiilor"
7511,341,"Macelari si alti lucratori in prelucrarea carnii si pestelui"
7512,342,"Brutari, patiseri si cofetari"
7513,343,"Lucratori in fabricarea produselor lactate"
7514,344,"Lucratori in conservarea fructelor si legumelor"
7515,345,"Controlori de calitate si degustatori de mancaruri si bauturi"
7516,346,"Lucratori in prelucrarea tutunului si produselor din tutun"
7521,347,"Lucratori in tratarea lemnului"
7522,348,"Ebenisti si asimilati"
7523,349,"Reglori si operatori la masini de prelucrat lemn"
7531,350,"Croitori, confectioneri, blanari si palarieri"
7532,351,"Confectioneri de sabloane si tipare"
7533,352,"Lucratori in broderie si asimilati"
7534,353,"Tapiteri si asimilati"
7535,354,"Tabacari si alti muncitori in prelucrarea pielii"
7536,355,"Cizmari si asimilati"
7541,356,"Scafandri"
7542,357,"Artificieri"
7543,358,"Sortatori si controlori de calitate pentru produse (exclusiv mancaruri si bauturi)"
7544,359,"Lucratori specializati in servicii de erbicidare si dezinsectie"
7549,360,"Alti muncitori calificati neclasificati in grupele de baza anterioare"
8111,361,"Mineri si lucratori in cariera"
8112,362,"Operatori la instalatiile de prelucrare a minereurilor si rocilor"
8113,363,"Operatori la instalatii de foraj si sonde de extractie a titeiului"
8114,364,"Operatori la masini de preparare a cimentului, rocilor si altor produse minerale"
8121,365,"Operatori la instalatiile de prelucrare a metalelor"
8122,366,"Operatori la instalatiile de finisare si tratare chimica a suprafetelor metalice"
8131,367,"Operatori la masini si instalatii destinate fabricarii produselor chimice"
8132,368,"Operatori la masini si instalatii destinate fabricarii produselor fotografice"
8141,369,"Operatori la masini si utilaje pentru fabricarea produselor din cauciuc"
8142,370,"Operatori la masini si utilaje pentru fabricarea produselor din plastic"
8143,371,"Operatori la masini si utilaje pentru fabricarea produselor din hartie"
8151,372,"Operatori la masini si utilaje de filatura"
8152,373,"Operatori la masini de tesut si tricotat"
8153,374,"Operatori la masini si utilaje pentru industria conf"
8154,375,"Operatori la masini de curatat, albit si vopsit materiale textile"
8155,376,"Operatori la masini pentru tratarea blanurilor si pieilor"
8156,377,"Operatori la masini si utilaje din industria incaltamintei"
8157,378,"Operatori la masini de spalat"
8159,379,"Operatori la masinile si utilajele pentru fabricarea produselor si articolelor din textile, blanuri si piele neclasificati in grupele de baza anterioare"
8160,380,"Operatori la masinile pentru fabricarea produselor alimentare si a altor produse similare"
8171,381,"Operatori la instalatiile de fabricare a celulozei si hartiei"
8172,382,"Operatori la instalatiile de prelucrare a lemnului"
8181,383,"Operatori la utilaje pentru fabricarea produselor din sticla si ceramica"
8182,384,"Fochisti la masini cu abur si cazane"
8183,385,"Operatori la masinile de ambalat, imbuteliat si etichetat"
8189,386,"Operatori la masini si utilaje neclasificati in grupele de baza anterioare"
8211,387,"Asamblori de masini si echipamente mecanice"
8212,388,"Asamblori de echipamente electrice si electronice"
8219,389,"Asamblori neclasificati in grupele de baza anterioare"
8311,390,"Mecanici de locomotiva"
8312,391,"Franari, acari si agenti de manevra"
8321,392,"Conducatori de motociclete"
8322,393,"soferi de autoturisme si camionete"
8331,394,"soferi de autobuze si tramvaie"
8332,395,"soferi de autocamioane si masini de mare tonaj"
8341,396,"Operatori de masini agricole si forestiere"
8342,397,"Conducatori de masini si utilaje terasiere"
8343,398,"Conducatori de macarale, poduri mobile, lifturi subterane si asimilati"
8344,399,"Operatori la instalatiile de transport marfuri paletizate"
8350,400,"Marinari, navigatori si asimilati"
8888,401,"Fortele armate"
9111,402,"Personal casnic pentru curatenie si alte servicii (menajere)"
9112,403,"Personal de serviciu in birouri, hoteluri si alte institutii"
9121,404,"Personal pentru servicii de spalat si calcat"
9122,405,"Personal pentru servicii de spalare vehicule"
9123,406,"Personal pentru servicii de spalare vitrine si geamuri"
9129,407,"Alti muncitori in servicii pentru curatenie"
9211,408,"Muncitori necalificati in culturi vegetale"
9212,409,"Muncitori necalificati in cresterea animalelor"
9213,410,"Muncitori necalificati in ferme mixte"
9214,411,"Muncitori necalificati in gradinarit si horticultura"
9215,412,"Muncitori forestieri necalificati"
9216,413,"Muncitori necalificati in pescuit si culturi acvatice"
9311,414,"Muncitori necalificati in industria extractiva si exploatarile in cariera"
9312,415,"Muncitori necalificati in lucrari publice"
9313,416,"Muncitori necalificati in constructia de cladiri"
9321,417,"Ambalatori"
9329,418,"Muncitori necalificati in industria prelucratoare neclasificati in grupele de baza anterioare"
9331,419,"Conducatori de vehicule actionate manual sau de pedale"
9332,420,"Conducatori de masini si vehicule cu tractiune animala"
9333,421,"Manipulanti de marfa"
9334,422,"Manipulanti de marfuri la raft"
9411,423,"Ajutori la prepararea produselor alimentare de tip „fast food”"
9412,424,"Debarasatori"
9510,425,"Prestatori de servicii „la minut” pentru populatie si asimilati"
9520,426,"Vanzatori ambulanti (exclusiv produse alimentare)"
9611,427,"Muncitori necalificati in servicii de colectare deseuri si materiale reciclabile"
9612,428,"Sortatori de deseuri"
9613,429,"Maturatori si asimilat"
9621,430,"Curieri, comisionari si hamali"
9622,431,"Muncitori necalificati pentru diverse servicii ocazionale"
9623,432,"Cititori de contoare si incasatori"
9624,433,"Muncitori necalificati pentru servicii de colectare/distributie a apei si a lemnelor de foc"
9629,434,"Muncitori necalificati neclasificati in grupele de baza anterioare"
9999,435,"Nedeclarat"
