cod_tara,sort,den_tara
4,1,"Afghanistan"
8,2,"Albania"
12,3,"Algeria"
16,4,"Samoa Americana"
20,5,"Andorra"
24,6,"Angola"
28,7,"Antigua si Barbuda"
31,8,"Azerbaidjan"
32,9,"Argentina"
36,10,"Australia"
40,11,"Austria"
44,12,"Bahamas"
48,13,"Bahrain"
50,14,"Bangladesh"
51,15,"Armenia"
52,16,"Barbados"
56,17,"Belgia"
60,18,"Bermuda"
64,19,"Bhutan"
68,20,"Bolivia"
70,21,"Bosnia si Heregovina"
72,22,"Botswana"
76,23,"Brazilia"
84,24,"Belize"
90,25,"Insulele Solomon"
92,26,"Insulele Virgine Brianice"
96,27,"Brunei Darussalam"
100,28,"Bulgaria"
104,29,"Myanmar"
108,30,"Burundi"
112,31,"Belarus"
116,32,"Cambodia"
120,33,"Camerun"
124,34,"Canada"
132,35,"Capul Verde"
136,36,"Insulele Cayman"
140,37,"Republica Cenrafricana"
144,38,"Sri Lanka"
148,39,"Ciad"
152,40,"Chile"
156,41,"China"
170,42,"Columbia"
174,43,"Insulele Comore"
175,44,"Mayotte"
178,45,"Congo"
180,46,"Republica Demcratica Congo"
184,47,"Insulele Cook"
188,48,"Costa Rica"
191,49,"Croatia"
192,50,"Cuba"
196,51,"Cipru"
203,52,"Republica Ceha"
204,53,"Benin"
208,54,"Danemarca"
212,55,"Dominica"
214,56,"Republica Domnicana"
218,57,"Ecuador"
222,58,"El Salvador"
226,59,"Guinea Ecuatoriala"
231,60,"Etiopia"
232,61,"Eritreea"
233,62,"Estonia"
234,63,"Insulele Faeroe"
238,64,"Insulele Falkland (Mavine)"
242,65,"Fiji"
246,66,"Finlanda"
248,67,"Insulele Åland"
250,68,"Franta"
254,69,"Guiana Franceza"
258,70,"Polinezia Franceza"
262,71,"Djibouti"
266,72,"Gabon"
268,73,"Georgia"
270,74,"Gambia"
275,75,"Palestina"
276,76,"Germania"
288,77,"Ghana"
292,78,"Gibraltar"
296,79,"Kiribati"
300,80,"Grecia"
304,81,"Groenlanda"
308,82,"Grenada"
312,83,"Guadeloupe"
316,84,"Guam"
320,85,"Guatemala"
324,86,"Guinea"
328,87,"Guyana"
332,88,"Haiti"
336,89,"Vatican"
340,90,"Honduras"
344,91,"Hong Kong"
348,92,"Ungaria"
352,93,"Islanda"
356,94,"India"
360,95,"Indonezia"
364,96,"Iran"
368,97,"Iraq"
372,98,"Irlanda"
376,99,"Israel"
380,100,"Italia"
384,101,"Coasta de Fildes"
388,102,"Jamaica"
392,103,"Japonia"
398,104,"Kazakhstan"
400,105,"Iordania"
404,106,"Kenya"
408,107,"Coreea de Nord"
410,108,"Coreea de Sud"
414,109,"Kuwait"
417,110,"Kyrgyzstan"
418,111,"Laos"
422,112,"Liban"
426,113,"Lesotho"
428,114,"Letonia"
430,115,"Liberia"
434,116,"Libia"
438,117,"Liechtenstein"
440,118,"Lituania"
442,119,"Luxembourg"
446,120,"Macao"
450,121,"Madagascar"
454,122,"Malawi"
458,123,"Malaysia"
462,124,"Maldives"
466,125,"Mali"
470,126,"Malta"
474,127,"Martinica"
478,128,"Mauritania"
480,129,"Mauritius"
484,130,"Mexic"
492,131,"Monaco"
496,132,"Mongolia"
498,133,"Republica Moldova"
499,134,"Muntenegru"
500,135,"Montserrat"
504,136,"Maroc"
508,137,"Mozambic"
512,138,"Oman"
516,139,"Namibia"
520,140,"Nauru"
524,141,"Nepal"
528,142,"Olanda"
531,143,"Curacao"
533,144,"Aruba"
534,145,"Sint Maarten"
535,146,"Bonaire, Saint Eusatius si Saba"
540,147,"Noua Caledonie"
548,148,"Vanuatu"
554,149,"Noua Zeelanda"
558,150,"Nicaragua"
562,151,"Niger"
566,152,"Nigeria"
570,153,"Niue"
574,154,"Insulele Norfolk"
578,155,"Norvegia"
580,156,"Insulele Mariane de Nord"
583,157,"Micronesia"
584,158,"Insulele Marshall"
585,159,"Palau"
586,160,"Pakistan"
591,161,"Panama"
598,162,"Papua Noua Guinea"
600,163,"Paraguay"
604,164,"Peru"
608,165,"Filipine"
612,166,"Pitcairn"
616,167,"Polonia"
620,168,"Portugalia"
624,169,"Guinea-Bissau"
626,170,"Timorul de Est"
630,171,"Puerto Rico"
634,172,"Quatar"
638,173,"Reunion"
642,174,"Romania"
643,175,"Federatia Rusa"
646,176,"Rwanda"
652,177,"Saint-Barthelemy"
654,178,"Saint Helena"
659,179,"Saint Kitts si Nevis"
660,180,"Anguilla"
662,181,"Saint Lucia"
663,182,"Saint-Martin"
666,183,"Saint Pierre si Miqelon"
670,184,"Saint Vincent si Greadines"
674,185,"San Marino"
678,186,"Sao Tome si Principe"
680,187,"Sark"
682,188,"Arabia Saudita"
686,189,"Senegal"
688,190,"Serbia"
690,191,"Insulele Seychelles"
694,192,"Sierra Leone"
702,193,"Singapore"
703,194,"Slovacia"
704,195,"Vietnam"
705,196,"Slovenia"
706,197,"Somalia"
710,198,"Africa de Sud"
716,199,"Zimbabwe"
724,200,"Spania"
732,201,"Sahara de Vest"
736,202,"Sudan"
740,203,"Surinam"
744,204,"Insulele Svalbard si Jan Mayen"
748,205,"Swaziland"
752,206,"Suedia"
756,207,"Elvetia"
760,208,"Siria"
762,209,"Tadjikistan"
764,210,"Thailanda"
768,211,"Togo"
772,212,"Tokelau"
776,213,"Tonga"
780,214,"Trinidad si Tobago"
784,215,"Emiratele Arabe Unite"
788,216,"Tunisia"
792,217,"Turcia"
795,218,"Turkmenistan"
796,219,"Insulele Turks si Caios"
798,220,"Tuvalu"
800,221,"Uganda"
804,222,"Ucraina"
807,223,"Fosta Republica Iugslava Macedonia"
818,224,"Egipt"
826,225,"Regatul Unit al Marii Britanii si Irlandei de Nord"
830,226,"Insulele Channel"
831,227,"Guernsey"
832,228,"Jersey"
833,229,"Insula Man"
834,230,"Republica Tanzania"
840,231,"Statele Unite ale Ameicii"
850,232,"Insulele Virgine"
854,233,"Burkina Faso"
858,234,"Uruguay"
860,235,"Uzbekistan"
862,236,"Venezuela"
876,237,"Insulele Wallis si Futna"
882,238,"Samoa"
887,239,"Yemen"
894,240,"Zambia"
999,241,"Tara nedeclarata"
